,0
0,https://encrypted-tbn0.gstatic.com/images?q=tbn%3AANd9GcRfb4hkoNZ7wxhFIA9vM0HvfW4jxHGqLb0b4gAc8f3SU7fKTl6y&usqp=CAU
1,https://encrypted-tbn0.gstatic.com/images?q=tbn%3AANd9GcSJmdsmPJFquy90kGtFECdymBQ6KXNmloHIZtSrUYYW2c3cux6_&usqp=CAU
2,https://encrypted-tbn0.gstatic.com/images?q=tbn%3AANd9GcR6EIBdI_OqCs7luYUzf-dN4c3rJApoGwvetem-HAEo5G0GtcB0&usqp=CAU
3,https://encrypted-tbn0.gstatic.com/images?q=tbn%3AANd9GcRNtYWkcDNet7rGuqm-zMH8Dou5Q_gh5cBleaPrzs2qZTy36Q_l&usqp=CAU
4,https://encrypted-tbn0.gstatic.com/images?q=tbn%3AANd9GcTb5bGWeD_hWGZQsvC0Ry4tQpwXBlPKN2Fxy4-1fmLpW12G_v5X&usqp=CAU
5,https://encrypted-tbn0.gstatic.com/images?q=tbn%3AANd9GcSwBEHGdCzomlXKbKcdmmIgNyv-0dhFyDv0IyKOOT6S5_Iw4BBi&usqp=CAU
6,https://encrypted-tbn0.gstatic.com/images?q=tbn%3AANd9GcTS2H6WPq4JdC2jb-mMNPxr4WuTkUd_-SG-dqNFI0Vfqk5Zs7od&usqp=CAU
7,https://encrypted-tbn0.gstatic.com/images?q=tbn%3AANd9GcTL5M7NW63fr4h9jWovw6zjyZ4huNPk50n5ZNBfQw3DJJE-rdgg&usqp=CAU
8,https://encrypted-tbn0.gstatic.com/images?q=tbn%3AANd9GcSHYOg9XK9kwlrbJkM_gIogrpg_9qpEhyQfKwbDL1nQ8w3OiDfK&usqp=CAU
9,https://encrypted-tbn0.gstatic.com/images?q=tbn%3AANd9GcTZrkS5qc8qM_wyBBxsddVBYQlbCtFM4dzSGE1iXKx3kt3C4d7P&usqp=CAU
10,https://encrypted-tbn0.gstatic.com/images?q=tbn%3AANd9GcTAbu4HOb41XhCczALPZMMT_pu871eE5mG2OOLr1ZLnDYgx_A7C&usqp=CAU
11,https://encrypted-tbn0.gstatic.com/images?q=tbn%3AANd9GcSXSWvRU-d90c5sfZn8lpXSM9k_FztAnNI44IMYqJHRWt8aJJhK&usqp=CAU
12,https://encrypted-tbn0.gstatic.com/images?q=tbn%3AANd9GcQoJXfNEMUQsvlPEe7InzBu3JO-ZUGJx2Xfmb3OSwKsc7wncdLL&usqp=CAU
13,https://encrypted-tbn0.gstatic.com/images?q=tbn%3AANd9GcTjobhJ3ecWV9_t5xiLw7HzYoIb0Jj0a-QW45SZH5TEUFdP-9ht&usqp=CAU
14,https://encrypted-tbn0.gstatic.com/images?q=tbn%3AANd9GcREH7ft9H0IkVO13qCAJ_5HAbfvabXfqfGuSfRlh2cH0gkP7E1Y&usqp=CAU
15,https://encrypted-tbn0.gstatic.com/images?q=tbn%3AANd9GcRwopHfXMnuHzSqNzGj2nD1HEYmA0PrV1l0Bze3AyCgNO72Gc_4&usqp=CAU
16,https://encrypted-tbn0.gstatic.com/images?q=tbn%3AANd9GcROBUpR0dHkc2yUm4VHkOefHwUUddtd0tZC_2L8NxfzDIAehu9R&usqp=CAU
17,https://encrypted-tbn0.gstatic.com/images?q=tbn%3AANd9GcSzT_j4sY2x3hMUL6D_blFURSMF2vzJ039dWOw5wzPnC-6-EWRx&usqp=CAU
18,https://encrypted-tbn0.gstatic.com/images?q=tbn%3AANd9GcR45aq-FDGieNaO3sbERAIYLYJOIOuJZl8esdz3w49lgCLj7YN_&usqp=CAU
19,https://encrypted-tbn0.gstatic.com/images?q=tbn%3AANd9GcQRUbUhrQDpUt8m6LzSNNN19FuSyT1SOImgKfSWrQN3e3pgKeYN&usqp=CAU
20,https://encrypted-tbn0.gstatic.com/images?q=tbn%3AANd9GcQHf8Iiuu2_3m10kH5dUBAzbM2crwDApoah71T0niGrhUhxVKPB&usqp=CAU
21,https://encrypted-tbn0.gstatic.com/images?q=tbn%3AANd9GcTWUOrZSsK_UZ25Up99ky6vo6C3GfAS2I1PxDWms90_LbMzAei3&usqp=CAU
22,https://encrypted-tbn0.gstatic.com/images?q=tbn%3AANd9GcTG18y8jDOODOXapmEOsQ5oXWFkx6mfssKg7OJpF4gCLfvRpLM-&usqp=CAU
23,https://encrypted-tbn0.gstatic.com/images?q=tbn%3AANd9GcQ0EZgnREFGX1XtktkWr-UlOnRJbjaFu5xDGKtXVCl8ejtTWq4B&usqp=CAU
24,https://encrypted-tbn0.gstatic.com/images?q=tbn%3AANd9GcT5pCfdYVWdazbtgamDu8qG3YakIfuOStm_nBQFJ3oCQ1jfPWY0&usqp=CAU
25,https://encrypted-tbn0.gstatic.com/images?q=tbn%3AANd9GcTpCMf6jNu5-ajM-4JMW5iYgweNe2IB8fYiwaNxnFu9oG3sjNvt&usqp=CAU
26,https://encrypted-tbn0.gstatic.com/images?q=tbn%3AANd9GcSZQjgbhX817oQLsTlde4RzsR84eY223a861p3YoBx0mp7wpt1f&usqp=CAU
27,https://encrypted-tbn0.gstatic.com/images?q=tbn%3AANd9GcTnHNhFIADnH8b6FQy03r-2I-OqKs38J6JOZKofdvZxPq3Pcfh6&usqp=CAU
28,https://encrypted-tbn0.gstatic.com/images?q=tbn%3AANd9GcQ7hMdS8JeX7R87794wjhPGYY-08CBcMQWx96LfIroSd-1e73bR&usqp=CAU
29,https://encrypted-tbn0.gstatic.com/images?q=tbn%3AANd9GcS3lRs0zupfMwCDZXhZPTobptlgiMphJ6p21N8tOgg7vRfSSZx9&usqp=CAU
30,https://encrypted-tbn0.gstatic.com/images?q=tbn%3AANd9GcTO8TcHEC0mpptf50CfaxjHDQTsl7zQtkrh6iZPxP2yCBrs2VGR&usqp=CAU
31,https://encrypted-tbn0.gstatic.com/images?q=tbn%3AANd9GcShWobR_4LgYvfU6JbTIth7gn7v727RoUzQ2sdMJ8xJ2bjSA6FF&usqp=CAU
32,https://encrypted-tbn0.gstatic.com/images?q=tbn%3AANd9GcRWnQCBEXz46WThi57-C4BIqzkNhmDMCNbfyJHUQEBB94Ip97mf&usqp=CAU
33,https://encrypted-tbn0.gstatic.com/images?q=tbn%3AANd9GcS9Vl6rVkDAM0W6Z1oFX_IN62j5p-MOQgVCtBKDGdWxiHIB8UYO&usqp=CAU
34,https://encrypted-tbn0.gstatic.com/images?q=tbn%3AANd9GcSULaWMITzimopbvVrSXSMsX5Krdvfl7IWcEHrL2r_zOcXtjBv8&usqp=CAU
35,https://encrypted-tbn0.gstatic.com/images?q=tbn%3AANd9GcRPgOgbXanojs9MskhY6s_hQw_1mQ6Zy9ym4SKpy40vXuEa5Hz4&usqp=CAU
36,https://encrypted-tbn0.gstatic.com/images?q=tbn%3AANd9GcSCqz1spJRDDTcnIQ8XLOZfUGeSUZO7C_r7x1OeBWbTzhFtzmt0&usqp=CAU
37,https://encrypted-tbn0.gstatic.com/images?q=tbn%3AANd9GcTMxuzcnzrJCntz_VdnL4qhf1tdSnK5EqUTzaKwfEUvuiX06mxO&usqp=CAU
38,https://encrypted-tbn0.gstatic.com/images?q=tbn%3AANd9GcRxcyUkJNAVRfQJncvqK21jehwiiqv2w_FaL88HB2h0QNmrlHAl&usqp=CAU
39,https://encrypted-tbn0.gstatic.com/images?q=tbn%3AANd9GcQr9w3DFguh0KSupNhSiP97YqWr4uJ8fN-BHYG5XE-Zf4N--p_f&usqp=CAU
40,https://encrypted-tbn0.gstatic.com/images?q=tbn%3AANd9GcSWZZVaPlb1qJKBauzEvWzR4GLDWjefWxa0sQ95yRbz7vHFFpKi&usqp=CAU
41,https://encrypted-tbn0.gstatic.com/images?q=tbn%3AANd9GcSXN5beWGjByps1kGu8RTA2A-T0FJrw80E_x2P1qfeZnP1wiLso&usqp=CAU
42,https://encrypted-tbn0.gstatic.com/images?q=tbn%3AANd9GcRvpmJWR_SOsiViPBXE4fptXCZWaZECPI_CXRoPiiA3zMeQbLcA&usqp=CAU
43,https://encrypted-tbn0.gstatic.com/images?q=tbn%3AANd9GcQWWM_WTuQ8cPA4-IR8QxdefAbCjWLdGpA7Os95rTZ1vH6JS3mU&usqp=CAU
44,https://encrypted-tbn0.gstatic.com/images?q=tbn%3AANd9GcRP0YLGhdn4Jcbrwnefh7_GzOyUKXiymciaI38FHPUioFequ5Tf&usqp=CAU
45,https://encrypted-tbn0.gstatic.com/images?q=tbn%3AANd9GcRPsTFbHDXOjTWsJMu8H4eX6pywXyra2y2Oim6kZ9__oMf3ieHj&usqp=CAU
46,https://encrypted-tbn0.gstatic.com/images?q=tbn%3AANd9GcSskwG9jAy_pANgeOubwWzjhT3IzLw73Voeuwoj1w2qXKqSRbR8&usqp=CAU
47,https://encrypted-tbn0.gstatic.com/images?q=tbn%3AANd9GcQidu0yS47WLh0pMzcxIsMf3mpxTwVNqk67mazT7w3ywW5Xda4T&usqp=CAU
48,https://encrypted-tbn0.gstatic.com/images?q=tbn%3AANd9GcQzmbn6m_f217N5NQYx-rMgO-QVwWID_II0uNVEw8odY8qo5mzg&usqp=CAU
49,https://encrypted-tbn0.gstatic.com/images?q=tbn%3AANd9GcTqfl3Ddqc1r2nng_BVx6HvQV0OoSn9QvBD_dTT-ZRZhLEmHAz1&usqp=CAU
50,https://encrypted-tbn0.gstatic.com/images?q=tbn%3AANd9GcTLZalLKGWexVryX9AC8xsNogr9LZGsoeWWYghW9-uF0wQEgs_b&usqp=CAU
51,https://encrypted-tbn0.gstatic.com/images?q=tbn%3AANd9GcSxo-DJzgtVMXPUviwiYGVAqk9kBYV9LOa4_lvlgiGcl6QE9q0T&usqp=CAU
52,https://encrypted-tbn0.gstatic.com/images?q=tbn%3AANd9GcQMRNRPpZDlao-3ConFX3fqdBJlBfZC2si9gpt346q0yL8fNd_b&usqp=CAU
53,https://encrypted-tbn0.gstatic.com/images?q=tbn%3AANd9GcTf9ftxIa3yuwLirs4yFca4pC4fls3_quouGi8jjLnvY4Pjlh4Z&usqp=CAU
54,https://encrypted-tbn0.gstatic.com/images?q=tbn%3AANd9GcTxVutV8OdpMna04TlPbqHw26Hd6-8UdhtQIrS5vim3X8LBq1YZ&usqp=CAU
55,https://encrypted-tbn0.gstatic.com/images?q=tbn%3AANd9GcQHgObFpWNMkTU7lr6LSJaaDAwTxhbDnyNlnwKQHGrqLNnaIHgY&usqp=CAU
56,https://encrypted-tbn0.gstatic.com/images?q=tbn%3AANd9GcQ0jYRNclMLl5gXGmYTlCfejD7F0K0oPBsoFHpC1ztV0WVe_wMo&usqp=CAU
57,https://encrypted-tbn0.gstatic.com/images?q=tbn%3AANd9GcQ-eBil56tQ3Klf9CWhR7bc6SGqRNe-_2BiHFXjVw6NEQd1_Poo&usqp=CAU
58,https://encrypted-tbn0.gstatic.com/images?q=tbn%3AANd9GcTAphBl6iXpJhohT2YvyNLIm8qeclgU6Zz11x78l5n6uvZ5_gUD&usqp=CAU
59,https://encrypted-tbn0.gstatic.com/images?q=tbn%3AANd9GcRIR6z49eIGk40MjJZjCeOzJD6JyaBNOKHP1SUuFFPo3iow-FEm&usqp=CAU
60,https://encrypted-tbn0.gstatic.com/images?q=tbn%3AANd9GcQ9u7Ntky3Y1N_WuI04-Dz9lDaW0DrEH_1zXA4S75wsCZJBNXbx&usqp=CAU
61,https://encrypted-tbn0.gstatic.com/images?q=tbn%3AANd9GcSiTek6Byl5efCOJ2bpd4FyVLCDlOvrLK758qyq76eR1M81liTC&usqp=CAU
62,https://encrypted-tbn0.gstatic.com/images?q=tbn%3AANd9GcQqOeBL9zkTRbSz0yjVYaPaQwIiknW8QLKq4mT2KjA2XfHr-HqM&usqp=CAU
63,https://encrypted-tbn0.gstatic.com/images?q=tbn%3AANd9GcTi7ORRtFBMVIf7wrH2nM8YoVamwiArYqCvSh3pShOSLizRFSni&usqp=CAU
64,https://encrypted-tbn0.gstatic.com/images?q=tbn%3AANd9GcTfSvGztDAw0ktOy78cIsaGd8NdDN2dB6_zoJN0fi1ukXmpFjS1&usqp=CAU
65,https://encrypted-tbn0.gstatic.com/images?q=tbn%3AANd9GcSSXoSKz27Dzv1PXUQU3Y-YMBsQgSKgACfNOfApU0AvMIUTjF_x&usqp=CAU
66,https://encrypted-tbn0.gstatic.com/images?q=tbn%3AANd9GcRs35Uj34_IAieppYDYCXOA_NH7MCDTqESY4zhdGYAdVWBLrFL6&usqp=CAU
67,https://encrypted-tbn0.gstatic.com/images?q=tbn%3AANd9GcQk3ela2_SNhOD1P-uY2XVTzl92C-zjdTS15aqOSRow6yaGE8In&usqp=CAU
68,https://encrypted-tbn0.gstatic.com/images?q=tbn%3AANd9GcRON88iVon7SE26xK9e-Ay9iBXeABjyBeJ9HQIaiLEqq9CiP_vV&usqp=CAU
69,https://encrypted-tbn0.gstatic.com/images?q=tbn%3AANd9GcQTattsuiwaZ554TQWQgX-qsvRBv1n60TluGSNA_9UmHLx0evYU&usqp=CAU
70,https://encrypted-tbn0.gstatic.com/images?q=tbn%3AANd9GcSn-oBhHGTJIYnOw6qz-oNlO_Smrqmix0X_7Tf8Y618bZF03jId&usqp=CAU
71,https://encrypted-tbn0.gstatic.com/images?q=tbn%3AANd9GcT6rZJLZua6qS7en8couLBCHQf_q1tfWFv7VesEVqhqa2L65Plt&usqp=CAU
72,https://encrypted-tbn0.gstatic.com/images?q=tbn%3AANd9GcQJDMB7JJaukdgU__7JCRr-e-bU5FxDs58sMBtjw6Gfz2VCTjfi&usqp=CAU
73,https://encrypted-tbn0.gstatic.com/images?q=tbn%3AANd9GcRtmcCkisv1sSR1v5_TIsk2-dzESmPX2aitWFuNV2L5AmuNwurD&usqp=CAU
74,https://encrypted-tbn0.gstatic.com/images?q=tbn%3AANd9GcRmnkHlbTkJLWvItJMzLxV_IqTYshrBiaGNCa7r_usRptKWW4sU&usqp=CAU
75,https://encrypted-tbn0.gstatic.com/images?q=tbn%3AANd9GcQB7fsswlcqpgEC5TOpf7SbfObCULM3SZBjwWXvKjfF3E3qKCtv&usqp=CAU
76,https://encrypted-tbn0.gstatic.com/images?q=tbn%3AANd9GcR-5XL1COxpHmSlummySiG7weS3yGFcK2mdEDc_QxW4BGbOn_gY&usqp=CAU
77,https://encrypted-tbn0.gstatic.com/images?q=tbn%3AANd9GcTXcWxCxfc7kiwpaCXiE_XXPevKgUiM6jimyxKzui4PutNvK1wb&usqp=CAU
78,https://encrypted-tbn0.gstatic.com/images?q=tbn%3AANd9GcQKtHReXr6fFuiWCQ2MTTpz7IWmIrcCMOFkw_zPi_GQM385H1yV&usqp=CAU
79,https://encrypted-tbn0.gstatic.com/images?q=tbn%3AANd9GcQzhRyxG-JWmX_ocY0Te_TfD1zHj8CefKa3VNqTLqtstnYVOajN&usqp=CAU
80,https://encrypted-tbn0.gstatic.com/images?q=tbn%3AANd9GcRzcaAahm17ddKxIeHxkxlpeDqyr1sJFoI8nWPuddazgRSGnOeh&usqp=CAU
81,https://encrypted-tbn0.gstatic.com/images?q=tbn%3AANd9GcTS63jWxQTNUWU9yt5Yb-OW1c3yrAM_h__ejDw3B71e93brrcPC&usqp=CAU
82,https://encrypted-tbn0.gstatic.com/images?q=tbn%3AANd9GcR4EjE0HvdmGwACFLK-R3da5MBIUXYckuvwHKT0ThFp0l-IAOKr&usqp=CAU
83,https://encrypted-tbn0.gstatic.com/images?q=tbn%3AANd9GcRyqMbdbJTv4-qvrmbvEMQz8DhulTU2IJluw-kl4tyjf_PROAcg&usqp=CAU
84,https://encrypted-tbn0.gstatic.com/images?q=tbn%3AANd9GcQXBiubjBvViTkMMJhpuHk3rtgwAIjZqLcxkYFZCQoalZ_IGame&usqp=CAU
85,https://encrypted-tbn0.gstatic.com/images?q=tbn%3AANd9GcQnrQl6r5uRBjCgwrLhDbQkPOGP9-IH0FQmWpO6w0AvX7ALZ1WB&usqp=CAU
86,https://encrypted-tbn0.gstatic.com/images?q=tbn%3AANd9GcRVPz9nzHkOlVIag1EznZdDPy7Z6VyDfo5uKXQZMVLd6U1MVVXe&usqp=CAU
87,https://encrypted-tbn0.gstatic.com/images?q=tbn%3AANd9GcT0da609-e_75IHrgE-b_C2jGJR6DxojL0HO-ze1iH5Yd5_3kEB&usqp=CAU
88,https://encrypted-tbn0.gstatic.com/images?q=tbn%3AANd9GcSLYppZZ0emHnzd7J-doHGQqgFSTQQGyfaMXnbTFOouiIqOgcW1&usqp=CAU
89,https://encrypted-tbn0.gstatic.com/images?q=tbn%3AANd9GcS--wQVx8rnZvqdnfFqnu0ICmhZrMddWC-SBDPUsQd0W3_9gvUp&usqp=CAU
90,https://encrypted-tbn0.gstatic.com/images?q=tbn%3AANd9GcTBiiZqEbYboa5JXEjCN0RrZ1E6qhMsB117cNinm7dhRoAkz3lW&usqp=CAU
91,https://encrypted-tbn0.gstatic.com/images?q=tbn%3AANd9GcQUpfOGtPEKUtIeotf2TtBbRDvZ9BnJj6kpDjakgGZtiWpZiOWF&usqp=CAU
92,https://encrypted-tbn0.gstatic.com/images?q=tbn%3AANd9GcSa5Bp7Rf79pUtVmiMB80320A27tLwGLASIRIgO_zFSZIZjq3zL&usqp=CAU
93,https://encrypted-tbn0.gstatic.com/images?q=tbn%3AANd9GcSdAn1PaXFGdyD7P3VVD_6Dndr6ss-2Lk60RvWMN4YGzhM6wpoK&usqp=CAU
94,https://encrypted-tbn0.gstatic.com/images?q=tbn%3AANd9GcQVkMzELoT7rbaeD6Mmz62s2--3mw_hK4tbohj0s9QW7UkzNpK8&usqp=CAU
95,https://encrypted-tbn0.gstatic.com/images?q=tbn%3AANd9GcQH0aJQpYOAkolQXJbPwYq468uhwl7BdPP7zlr3kr0C75gXzuxl&usqp=CAU
96,https://encrypted-tbn0.gstatic.com/images?q=tbn%3AANd9GcR5i-MEylssbC_04dMGHwpEq7zfbvzzL35VRwduVMf03eKsgFOv&usqp=CAU
97,https://encrypted-tbn0.gstatic.com/images?q=tbn%3AANd9GcS6bC1EE4Cq4bbTJL5eaItuyzCq8G7n3up1UU9oAp6FMzo7HEjS&usqp=CAU
98,https://encrypted-tbn0.gstatic.com/images?q=tbn%3AANd9GcQERIcBDnRjt_rFEelTnVSeEDoeHAI4zutefZy9Qo-yIzTGNmGW&usqp=CAU
99,https://encrypted-tbn0.gstatic.com/images?q=tbn%3AANd9GcSmk-vroGPDMQ0sIbQAxdU_lk8ddP0uSolcx516_IqEDWnBBpH1&usqp=CAU
100,https://encrypted-tbn0.gstatic.com/images?q=tbn%3AANd9GcTigedR5aN3-bM9jxtdaUT5Qu0hOcrfNsbmwLSlN3gGu-3KKmWZ&usqp=CAU
101,https://encrypted-tbn0.gstatic.com/images?q=tbn%3AANd9GcSQ3R6wh6GB46NyrykKgu7-qkQB4e9ehjfdGH4qf6B7TRnsnieM&usqp=CAU
102,https://encrypted-tbn0.gstatic.com/images?q=tbn%3AANd9GcSZL048dk1Yr3GK4U8wlU9W-Ou9bVTfchsxFugYyr08C7JUkvwW&usqp=CAU
103,https://encrypted-tbn0.gstatic.com/images?q=tbn%3AANd9GcTMlNkiPpyuwfyCmLxf54W1vn4Q-uGUBXDj1Ch90ueBu5GueazQ&usqp=CAU
104,https://encrypted-tbn0.gstatic.com/images?q=tbn%3AANd9GcSaQPaZu6HUZ6_V3Uup_MS6-YcOSBiLLyzbjOWRIilqKlcVHAB4&usqp=CAU
105,https://encrypted-tbn0.gstatic.com/images?q=tbn%3AANd9GcQVA-k912Uldm5G1mac7TmkzYpcm8ZiiBjhAPPr1ffOb3cZAJDH&usqp=CAU
106,https://encrypted-tbn0.gstatic.com/images?q=tbn%3AANd9GcT-iFajiFWtECNY4Rwga8kNQj-ExB67WFccXq5iW_HIJZpnVMjl&usqp=CAU
107,https://encrypted-tbn0.gstatic.com/images?q=tbn%3AANd9GcRbn3EWZXopH-SV3mxzD05hdT8syBzi-n0Me3yqAPsN71NHzxPF&usqp=CAU
108,https://encrypted-tbn0.gstatic.com/images?q=tbn%3AANd9GcSp1zwcJgmjnkvqe3n_oqPMsEui9HOMKxwu6OfJdUEVyDuYHVNk&usqp=CAU
109,https://encrypted-tbn0.gstatic.com/images?q=tbn%3AANd9GcTu71gORnqrK6nkUmgj_4lJKwgjuNzNIAIHSC-sy0c6KM5r0bTl&usqp=CAU
110,https://encrypted-tbn0.gstatic.com/images?q=tbn%3AANd9GcRMtEM4jTzDRn36HGi1f1v10FJugs3kAsUsY6BoZb9lkE9ZuqdO&usqp=CAU
111,https://encrypted-tbn0.gstatic.com/images?q=tbn%3AANd9GcSidq-XL-tWCF_vRi5yH3irxaaU_bwPmhvztvpum97qEbJV7nMF&usqp=CAU
112,https://encrypted-tbn0.gstatic.com/images?q=tbn%3AANd9GcRh413rO90oPn-c_a5EXaWyuFSb4Uk7rKry6-pm26Od1Yto9SjZ&usqp=CAU
113,https://encrypted-tbn0.gstatic.com/images?q=tbn%3AANd9GcTBmF3n-4WKwi8VwK8PFGp1-gn_DTQCsAn2i112_KmtN3C6Nhjf&usqp=CAU
114,https://encrypted-tbn0.gstatic.com/images?q=tbn%3AANd9GcTuvOW2Ks5ni54v3stPubBdGWO8kONw6zpUpzHhfXb7C7WqrM11&usqp=CAU
115,https://encrypted-tbn0.gstatic.com/images?q=tbn%3AANd9GcTXbQCrqDqQ1s1VPkcKemyaYrFbuD_ni4bImwRnK5Ar3xEqK-zx&usqp=CAU
116,https://encrypted-tbn0.gstatic.com/images?q=tbn%3AANd9GcS7DVB-JcAteZcmwYvQtGlEpE8Esfeii7gcHs_DVTab4jPh9Cmb&usqp=CAU
117,https://encrypted-tbn0.gstatic.com/images?q=tbn%3AANd9GcRtDnR3U5XcBI8iVawePFZ6pQs-OhQukfz-pL5mzX_idATsGWTE&usqp=CAU
118,https://encrypted-tbn0.gstatic.com/images?q=tbn%3AANd9GcTZdDlD_hkROOsIox6z1YYqXVUGnbeK9TyGXetnFBZDmuObgrkW&usqp=CAU
119,https://encrypted-tbn0.gstatic.com/images?q=tbn%3AANd9GcSJQNnVablHV1__Mxls0jcuxamtXfUnLFm9lQb03OljcEFmtxYG&usqp=CAU
120,https://encrypted-tbn0.gstatic.com/images?q=tbn%3AANd9GcSmYm9ejid2OuuwKCp2tDN9W6_r68TOQHqrHaJev-msa25e-wOM&usqp=CAU
121,https://encrypted-tbn0.gstatic.com/images?q=tbn%3AANd9GcQZOuTjoR_NrljYgR3_k2Klfw3uWCnRy0XJnxvgfP6ctR3wAos4&usqp=CAU
122,https://encrypted-tbn0.gstatic.com/images?q=tbn%3AANd9GcQJn9YYOAYBUohLzCEBDJUTDP_xuYE5btKDbIG1WpXIx8dIoeZe&usqp=CAU
123,https://encrypted-tbn0.gstatic.com/images?q=tbn%3AANd9GcRosRlB8i5dUtn9mtdvjL5vbyZCEwsx2cbgq_1Wod1FAx8gxV_J&usqp=CAU
124,https://encrypted-tbn0.gstatic.com/images?q=tbn%3AANd9GcRCEY3JQSb9OyMxVrtO_vEMYnu4b-AiXu-5i47ph1DCUNptRZNy&usqp=CAU
125,https://encrypted-tbn0.gstatic.com/images?q=tbn%3AANd9GcRLLPSgEmsPmJmwdrjONwRQENuYVMQp5qw2LLRMU7LDLgctoJdR&usqp=CAU
126,https://encrypted-tbn0.gstatic.com/images?q=tbn%3AANd9GcQQ9c0uLJTa68sa8wmxEkrcLUT4flNPV6sMmpWlkjuPWam5jFo2&usqp=CAU
127,https://encrypted-tbn0.gstatic.com/images?q=tbn%3AANd9GcRhQk9AYqSautUyr9dwWtALQ_khmB7iy0QCMJEwnY-LqjJL1to4&usqp=CAU
128,https://encrypted-tbn0.gstatic.com/images?q=tbn%3AANd9GcQcIJ1ANFWq191dQZPNo6vnzTKbg89MSnGcIGvdyyHoJqbGmjBT&usqp=CAU
129,https://encrypted-tbn0.gstatic.com/images?q=tbn%3AANd9GcRPuFp9ZhD8IUsAbeOaBgAz9FNo1SacnJvdMrtEz2K-wn8ETRiD&usqp=CAU
130,https://encrypted-tbn0.gstatic.com/images?q=tbn%3AANd9GcSkhBiQy03aK-1GTtgKkm6cl-Pt0XOjW9qXpJhjM1hX5nkEq76h&usqp=CAU
131,https://encrypted-tbn0.gstatic.com/images?q=tbn%3AANd9GcTxpANfK2XRAZhRGNkeSAlp3ZZ-2EcTS7XkTWf2lPY3CvmifkIN&usqp=CAU
132,https://encrypted-tbn0.gstatic.com/images?q=tbn%3AANd9GcSguPV-yXp27LibG-IStkhLosuVSmj0xHhC1BZYc_q9rCG0rNqn&usqp=CAU
133,https://encrypted-tbn0.gstatic.com/images?q=tbn%3AANd9GcSZgDdWAz3KHrGqK4a7jSUK72uboNXgAZPdjm4kB6GJpNAc-XfZ&usqp=CAU
134,https://encrypted-tbn0.gstatic.com/images?q=tbn%3AANd9GcSzBa3kjaWu25MgqrefujrDaGi_UMqmyM4PEkgotkMYCSAkt0ke&usqp=CAU
135,https://encrypted-tbn0.gstatic.com/images?q=tbn%3AANd9GcTIZiI5VtcSDncKkEnj4r-ziChHNFupcycoFxvYNiT8ob6pZ22c&usqp=CAU
136,https://encrypted-tbn0.gstatic.com/images?q=tbn%3AANd9GcQWvJaPKPBRQdUgDLPgVuH9gQlsdGhruqW9b47KLY1ctQfkz0WX&usqp=CAU
137,https://encrypted-tbn0.gstatic.com/images?q=tbn%3AANd9GcRT9vMK79Byiu9BS3mNQFKjtRgD9SdoJOyFV9atBgEfuAgR7cfK&usqp=CAU
138,https://encrypted-tbn0.gstatic.com/images?q=tbn%3AANd9GcQH7eAsp3wySAJd-IxLpBXgXB_PazPmuZqNpq5UMrB0J9XdtGJZ&usqp=CAU
139,https://encrypted-tbn0.gstatic.com/images?q=tbn%3AANd9GcTaRBrPdLsxT3B6cUKZUzz0EpJVnN5hZ6tbCn9Cl-LM8kTtelVf&usqp=CAU
140,https://encrypted-tbn0.gstatic.com/images?q=tbn%3AANd9GcRXU-XWAC4F7cqhmO9wR8L_4FohFlEwq00B-UhrTINffpmgF3kq&usqp=CAU
141,https://encrypted-tbn0.gstatic.com/images?q=tbn%3AANd9GcRvGGWDWhCceKxLhj-e7yQ-AuwUK8YzNinY3lJMj-1fZFrhmNWj&usqp=CAU
142,https://encrypted-tbn0.gstatic.com/images?q=tbn%3AANd9GcSzE0VRN15jj08KPGMDHT-DeJfgBdlG6MjP7TOaOogCYBdFw6gP&usqp=CAU
143,https://encrypted-tbn0.gstatic.com/images?q=tbn%3AANd9GcTsrzhQY8K1aNAeo0xjnkGz7x24pXkmhZrraOv8bJdhFr2e4AIs&usqp=CAU
144,https://encrypted-tbn0.gstatic.com/images?q=tbn%3AANd9GcRcjKpbdazKIMjR2QREJrfCWW2Jn-qhyCp9AJ8NJGSjPeVV8I6s&usqp=CAU
145,https://encrypted-tbn0.gstatic.com/images?q=tbn%3AANd9GcSRHTfJOkYMuTYP4JKYyRUJlEzEpG8UvGtgY8t8GPvbhCHdu8dU&usqp=CAU
146,https://encrypted-tbn0.gstatic.com/images?q=tbn%3AANd9GcQ3z5X0IFWs1yxKIVzjy42I-h_CXXUZB3ex_lqrohexWiXaF941&usqp=CAU
147,https://encrypted-tbn0.gstatic.com/images?q=tbn%3AANd9GcREt9OLf6FTkotPIJvO0fJdYQwe7x2O8wni82xmV1zeXoyGOaDz&usqp=CAU
148,https://encrypted-tbn0.gstatic.com/images?q=tbn%3AANd9GcRJABUiqOHRciZHp7-zvFbk964eG_G4n4m2m8SX2sYbXETGprSc&usqp=CAU
149,https://encrypted-tbn0.gstatic.com/images?q=tbn%3AANd9GcRpCOkBAFF5ot2MQsPSJh4WSvAtxTtQOaMaubYDR-4_U7WTL4xR&usqp=CAU
150,https://encrypted-tbn0.gstatic.com/images?q=tbn%3AANd9GcTQGUd4VnkZMGwBTdWyVwUprOw8GujZMcSJKQLvLExFocga1PMc&usqp=CAU
151,https://encrypted-tbn0.gstatic.com/images?q=tbn%3AANd9GcQYCPf-7eQa-Gy0qpltic-9hvYgbce2WLIWM6f0Lz-9pRUfB88k&usqp=CAU
152,https://encrypted-tbn0.gstatic.com/images?q=tbn%3AANd9GcRg-w_wE1W3h6McD_UxLmgPQ4meZ8oIADER-2jyT3OrhP8esx-X&usqp=CAU
153,https://encrypted-tbn0.gstatic.com/images?q=tbn%3AANd9GcRDeg7UxLPCWblyby7PtPXF-ziifKRVPZ4gYeQ4OpF8g5irV72m&usqp=CAU
154,https://encrypted-tbn0.gstatic.com/images?q=tbn%3AANd9GcTLmrej8Nl-L19QCYlNxBlDiw5zIZk03xDIyqdiuAPNbYLslcZR&usqp=CAU
155,https://encrypted-tbn0.gstatic.com/images?q=tbn%3AANd9GcQE8qzRX6czFjYdeTsazmXnVuzYdK_QgsS5Oiqf_viQRb5CzW3f&usqp=CAU
156,https://encrypted-tbn0.gstatic.com/images?q=tbn%3AANd9GcT23yjs31yklXJUuCmyIa5PyZEXUx4rUO0XYS-xu0y5X29yO3e5&usqp=CAU
157,https://encrypted-tbn0.gstatic.com/images?q=tbn%3AANd9GcR8m1TbdeM0fPRU0bMKxMyawdRr8v2Zx-iVvyBybBtug0pXEm6u&usqp=CAU
158,https://encrypted-tbn0.gstatic.com/images?q=tbn%3AANd9GcR5pwpqiaC_uybObYhX1o4j2IYiHJ72WHS4Ztw6Nun7QVE9c6Uu&usqp=CAU
159,https://encrypted-tbn0.gstatic.com/images?q=tbn%3AANd9GcQnUoOh6rTTh7xYuiWWJIRMsx5oGJKA9ttHga6EzIGc2Mj4NOrE&usqp=CAU
160,https://encrypted-tbn0.gstatic.com/images?q=tbn%3AANd9GcQFwQmC3SiFuIVV0uC3tjm5UA27-AtJv7AZpWLX1Vo0Yhu4fWUj&usqp=CAU
161,https://encrypted-tbn0.gstatic.com/images?q=tbn%3AANd9GcQgD3QTMPpgY62koHpUmXD8igJ_xtqL3Gd6wkx3tEi0lv_Q7-sc&usqp=CAU
162,https://encrypted-tbn0.gstatic.com/images?q=tbn%3AANd9GcSSoA_-n6MwGLR30TqXZ2EDbM3ZwFIl-7kLnf8VO4z_d6rXsztE&usqp=CAU
163,https://encrypted-tbn0.gstatic.com/images?q=tbn%3AANd9GcQqArCusa57kkijlfJhftgd6JDktzmtFo8BrnjqPdz-CAg9qboh&usqp=CAU
164,https://encrypted-tbn0.gstatic.com/images?q=tbn%3AANd9GcTqixikQ-60bOHpU0FwCAlRyJSbs878NqN10UdZmNazX4N-lAJg&usqp=CAU
165,https://encrypted-tbn0.gstatic.com/images?q=tbn%3AANd9GcTfVC5jN0XhDGiRrisoLHIuGLo-H8K_TJLVbglYyA5WoAKslW9h&usqp=CAU
166,https://encrypted-tbn0.gstatic.com/images?q=tbn%3AANd9GcSTpiMhZytR562h7sAz_gDlWPfwa14I0cLgGwekzhYTPNoiw1pu&usqp=CAU
167,https://encrypted-tbn0.gstatic.com/images?q=tbn%3AANd9GcQ91p9aHMywPWGzFqGnnKDCG0vj-88e4lKPNtW7rfpLZt4cGfDC&usqp=CAU
168,https://encrypted-tbn0.gstatic.com/images?q=tbn%3AANd9GcRYnEL4RTY6AufFZVPqs92lD6tQv97_NWkneHP57ffu8Iw7ekuu&usqp=CAU
169,https://encrypted-tbn0.gstatic.com/images?q=tbn%3AANd9GcTdAv3j-Fn4MKryf2va6rxi4ZA2noYcRXK2UK1tdoR9Cv3jF8zD&usqp=CAU
170,https://encrypted-tbn0.gstatic.com/images?q=tbn%3AANd9GcSwBPQuNV89AgGN39Z-sGSggO-CktOWhArLeFMp4m974-IB6wmn&usqp=CAU
171,https://encrypted-tbn0.gstatic.com/images?q=tbn%3AANd9GcRp0wbIclmF1ezSZ033PI_YAz0TqlpZarffc2I3hgcUOtvJc82c&usqp=CAU
172,https://encrypted-tbn0.gstatic.com/images?q=tbn%3AANd9GcS8KxPw7neYOoPcrTu5irVw_0h6x5mBIW6yblTxXTMHh4-pQtjj&usqp=CAU
173,https://encrypted-tbn0.gstatic.com/images?q=tbn%3AANd9GcRaLy_Om4247khNi8RluBcZJnqW6BXFV1eKNEuUwwN1Agxtutth&usqp=CAU
174,https://encrypted-tbn0.gstatic.com/images?q=tbn%3AANd9GcSJokplNRFtQ_Kpys0Wf_u_hzOoXK7gRLK6Ykz1DaGYRwu82tzU&usqp=CAU
175,https://encrypted-tbn0.gstatic.com/images?q=tbn%3AANd9GcSVHLIAxCGU8oXEc0qpXjimZZkThE17vUENLl3JEkZuRj3uXvpL&usqp=CAU
176,https://encrypted-tbn0.gstatic.com/images?q=tbn%3AANd9GcQepV1XFHTwJzdDR5H1INrvQ-4j57_RNfE8rFCDasf_p6yU1r32&usqp=CAU
177,https://encrypted-tbn0.gstatic.com/images?q=tbn%3AANd9GcRc1OitrGhJl4k3Li1-fkeskZB5nkyfDr4miWoQ9Lj-qUdDhdut&usqp=CAU
178,https://encrypted-tbn0.gstatic.com/images?q=tbn%3AANd9GcQsAG_2CAWjXpujB7WZ8V7BiZB7bVlX93JvX5ZDHPK2gC9suK1c&usqp=CAU
179,https://encrypted-tbn0.gstatic.com/images?q=tbn%3AANd9GcTxY3feX4kyn-hdq5c0n5qq-wFxVNvCw-wI5iaL3hFGyEdoS2ef&usqp=CAU
180,https://encrypted-tbn0.gstatic.com/images?q=tbn%3AANd9GcTYmac3mSM2udfPhYtsZCFqSIeP769X2zULhfpFHB8g-qlgU_SM&usqp=CAU
181,https://encrypted-tbn0.gstatic.com/images?q=tbn%3AANd9GcTXwCK5OxQZQdq1sWExeKOf18EqQkABcaY9GQaS5iEijv1COyAL&usqp=CAU
182,https://encrypted-tbn0.gstatic.com/images?q=tbn%3AANd9GcS33ZSsF1to7rxyYVJhZj7IjvS6kUwzQPyOTkg9MN_K32oYxyl_&usqp=CAU
183,https://encrypted-tbn0.gstatic.com/images?q=tbn%3AANd9GcQjde9gjUj3pl9THYICo_k3_N7zgj_BN3F3DwcIsT_6AXendlkW&usqp=CAU
184,https://encrypted-tbn0.gstatic.com/images?q=tbn%3AANd9GcTHb3FDd83a_du7V4_2rs8NYLD7pGJywx9f8JCVsrr0eHXApmHL&usqp=CAU
185,https://encrypted-tbn0.gstatic.com/images?q=tbn%3AANd9GcSB6pk8WjrE-jvDdzaqqp_9vf2mB67i8TsjvESRqsgTJCVcRODv&usqp=CAU
186,https://encrypted-tbn0.gstatic.com/images?q=tbn%3AANd9GcSHl3FPYzoX5BVR-49epFUsTDny9PdK_gPCVoBSvR6X0XY7ABeG&usqp=CAU
187,https://encrypted-tbn0.gstatic.com/images?q=tbn%3AANd9GcR3JJZ44wUMwWimziKcQ6mrCGeExMyYzpIwcY7Xw8QM40tFnlWn&usqp=CAU
188,https://encrypted-tbn0.gstatic.com/images?q=tbn%3AANd9GcStiQXn7d9BKkCjFZUaBqcojrGzkPgiDW7_a8xbRR0Kbqd52bQG&usqp=CAU
189,https://encrypted-tbn0.gstatic.com/images?q=tbn%3AANd9GcTRLxAYcT-3DqZVxhzNkBDY5M9drTMXZP8HlvZmb2ZSA5p9C9Z7&usqp=CAU
190,https://encrypted-tbn0.gstatic.com/images?q=tbn%3AANd9GcTwQgNRWMZ2gMN-4sXxDpNis4AjenRbpwsBHHzsrFY-CV0arXfJ&usqp=CAU
191,https://encrypted-tbn0.gstatic.com/images?q=tbn%3AANd9GcQWClFQXJtGESSt48_Ls2Ew9UEwSkVdZ0KAT1Z58hS0bmURMD11&usqp=CAU
192,https://encrypted-tbn0.gstatic.com/images?q=tbn%3AANd9GcQKPtKHmhDsYOIvpniD8u5KtbkuvqtceNM28hpBSn-SyEFtwoOb&usqp=CAU
193,https://encrypted-tbn0.gstatic.com/images?q=tbn%3AANd9GcS6NLCNlCasVeoHoQ7Zmb5Cle80fcfNjs9t5W8_3ifRaFng11U_&usqp=CAU
194,https://encrypted-tbn0.gstatic.com/images?q=tbn%3AANd9GcQ6JZjAeRou0dVMGSkzPEeZ4NxHimTgdUC4wEOkkIXT-baqt6Ya&usqp=CAU
195,https://encrypted-tbn0.gstatic.com/images?q=tbn%3AANd9GcS7DwC0k9VS68vad_-Z8PcGvlgFenMf9laPGvz9JOPp0PON6iXi&usqp=CAU
196,https://encrypted-tbn0.gstatic.com/images?q=tbn%3AANd9GcQibEQ7eUtbeYlAxl9Pq9BFfRQWwgggtyOcwGoiQ8LBuvc6ig74&usqp=CAU
197,https://encrypted-tbn0.gstatic.com/images?q=tbn%3AANd9GcQPwMm-nlsEWwn1A-u8N5zvC24jXEJydFxZHUnz3jDY-c337wDM&usqp=CAU
198,https://encrypted-tbn0.gstatic.com/images?q=tbn%3AANd9GcRXLVzNzs1p4vWDr9lKjFoGCY_fvFe5YH9ArMn7TR1-lo7DR8bR&usqp=CAU
199,https://encrypted-tbn0.gstatic.com/images?q=tbn%3AANd9GcRlMAbKLSJwWEIOHnoE7HxjWi-p4G6F0HWH3V2PmX9-RU6GyKCd&usqp=CAU
200,https://encrypted-tbn0.gstatic.com/images?q=tbn%3AANd9GcSanosvXNgYuvZ9TTfo7pxLIVOanY83iX0WSK52L91pxi8aqzjq&usqp=CAU
201,https://encrypted-tbn0.gstatic.com/images?q=tbn%3AANd9GcSrEIYRMCeWhX2MrbfTNmWRHsvEjTFi8o1z53T1TajfswNvSyeE&usqp=CAU
202,https://encrypted-tbn0.gstatic.com/images?q=tbn%3AANd9GcTlWKbhRwEXw0STZg9KR2aajuFZZ8DZRp7_MAlUfQUF1YpDjjCw&usqp=CAU
203,https://encrypted-tbn0.gstatic.com/images?q=tbn%3AANd9GcSWwoT4-TZNYLSS4pscbn9bc6VmbnGPcpYjk4Ymf2-j5nkz7l5N&usqp=CAU
204,https://encrypted-tbn0.gstatic.com/images?q=tbn%3AANd9GcTsR8W4j8TI9NiOUfm40xaYS4L1ft7HKTDUvQvdYtQkUPGWZJ65&usqp=CAU
205,https://encrypted-tbn0.gstatic.com/images?q=tbn%3AANd9GcQGlkHIxpmpdQnCZqEibWBbnUTc7OSqPZIa4fx45d6YPSQfIVrw&usqp=CAU
206,https://encrypted-tbn0.gstatic.com/images?q=tbn%3AANd9GcSPq97GNcC3sJTN_CYjVyk-E387K6-psdkmAIlJeV_Qft-AJFH4&usqp=CAU
207,https://encrypted-tbn0.gstatic.com/images?q=tbn%3AANd9GcReOWpoHqSfYTVeoMtgTLCURQXJkMrFfINUtDg2I3_OvSsKIbTH&usqp=CAU
208,https://encrypted-tbn0.gstatic.com/images?q=tbn%3AANd9GcRqWxYGH3rISd6MbUS2kSZCfsaure69Dfz2P6TnuPgAipfwq4Y0&usqp=CAU
209,https://encrypted-tbn0.gstatic.com/images?q=tbn%3AANd9GcQ9rdBGV72_DYSRvuMvu4zplAINSTMMqYbIj_B0os_Il6Fa5SAL&usqp=CAU
210,https://encrypted-tbn0.gstatic.com/images?q=tbn%3AANd9GcTASC32G2P4Gu5tG4ZfCX2NOt5aN6c7a9LD-IbukpWqH4K-iQvA&usqp=CAU
211,https://encrypted-tbn0.gstatic.com/images?q=tbn%3AANd9GcTElSg9SJsyh-ILe6qW_-XNKmcs5Qzzcwjt8Kgq88NVY0Rl7TvT&usqp=CAU
212,https://encrypted-tbn0.gstatic.com/images?q=tbn%3AANd9GcSV1vP3tAXc64MOo1kxUev5V0f-nm1hskIF8-sPaXu-jrD2jdbn&usqp=CAU
213,https://encrypted-tbn0.gstatic.com/images?q=tbn%3AANd9GcTVR3C6rd8GdNpbDoZX9nkwkOnztmmJN4Tjn-L9ceXtb2P1cPDm&usqp=CAU
214,https://encrypted-tbn0.gstatic.com/images?q=tbn%3AANd9GcTbaHNl7I3rmOAqsoI-EsFTjDhvlzKJMbEvfVVDJ-4yyXE5pff_&usqp=CAU
215,https://encrypted-tbn0.gstatic.com/images?q=tbn%3AANd9GcTrjHh_U-RvWtp4he0w8WD90nqRLo_edFZ9Qh22KNqz5d1c2YlI&usqp=CAU
216,https://encrypted-tbn0.gstatic.com/images?q=tbn%3AANd9GcQPlvYN1riYvGmTGplqMRI0hZnJdBYx5TcLJai3NpJMWfVgHoj_&usqp=CAU
217,https://encrypted-tbn0.gstatic.com/images?q=tbn%3AANd9GcQIldATHStA5mv2w8ubfj59j4OYwMrx2Lso4pscALEtXQeOp0UY&usqp=CAU
218,https://encrypted-tbn0.gstatic.com/images?q=tbn%3AANd9GcSkuy24NQPjLI9kpmveHjBbtBBG56Z7SJHwuf0RXYQr8l0ML0Wd&usqp=CAU
219,https://encrypted-tbn0.gstatic.com/images?q=tbn%3AANd9GcQt5xGdUPzDrWpgMZ4wXm4g4tdb3yut9bophdyge1mQzsjMQuEt&usqp=CAU
220,https://encrypted-tbn0.gstatic.com/images?q=tbn%3AANd9GcSeJIUPCFs1SMyhzUMUvPvsSl2CGiZcMRIswHFgE1AdDYdJEp5_&usqp=CAU
221,https://encrypted-tbn0.gstatic.com/images?q=tbn%3AANd9GcSK5mf_66-tRi_eg1fEFZxSv4cAs1ckJxnMZFIF2S70BDDf7lWG&usqp=CAU
222,https://encrypted-tbn0.gstatic.com/images?q=tbn%3AANd9GcSzrOtBqzYjYybEtlfOVzOL0UsC9UHwrDUJYwAL5EtDLzCodpMg&usqp=CAU
223,https://encrypted-tbn0.gstatic.com/images?q=tbn%3AANd9GcSX2rXuuXQsufqjxsbcbueZ_VeH7FNIt8L2DZ4x94hDVJ0dmrD_&usqp=CAU
224,https://encrypted-tbn0.gstatic.com/images?q=tbn%3AANd9GcQ1PlVr2Af6Sl5-a0xPzIN97rEwZWI5G6pxVBqHzZXAYEyo_qxC&usqp=CAU
225,https://encrypted-tbn0.gstatic.com/images?q=tbn%3AANd9GcSuKGWB9CO0wOd2nsBB9LDm1MSX8WOJEwT3IwHNKlIgE7-oMFbF&usqp=CAU
226,https://encrypted-tbn0.gstatic.com/images?q=tbn%3AANd9GcTVgOhP5CXzROrlzhO7gKiGEnS04IaQ4ZDxX7wLVwuvfiNMyq32&usqp=CAU
227,https://encrypted-tbn0.gstatic.com/images?q=tbn%3AANd9GcTwQtVkvxHsvJRHVWeEvEQ-kJile5pLPVV97MMwf1pju65t7HZo&usqp=CAU
228,https://encrypted-tbn0.gstatic.com/images?q=tbn%3AANd9GcRyoproWWxRlAQRcVNh-kuaerhnKxOKSLRZfDMzdGTVvmtVPReD&usqp=CAU
229,https://encrypted-tbn0.gstatic.com/images?q=tbn%3AANd9GcRnAhc0_tLf32dyLsOCouUzVvnuZ8byOmTp_Pfw4WXauZJkWJOz&usqp=CAU
230,https://encrypted-tbn0.gstatic.com/images?q=tbn%3AANd9GcRYIF1TBxULsK9SyN7-cry0KVAM5O-iCOiIiRA87MF8QSBdqR08&usqp=CAU
231,https://encrypted-tbn0.gstatic.com/images?q=tbn%3AANd9GcSx9NfwN35bV-WEZ5048wumSIWyiTd8ng2kyIEfJRD8fcC8m-Z9&usqp=CAU
232,https://encrypted-tbn0.gstatic.com/images?q=tbn%3AANd9GcRcCFrxh10W68vF8xOF2BP8YKvwy0yKZguWrkYcskGhBA5QCnnr&usqp=CAU
233,https://encrypted-tbn0.gstatic.com/images?q=tbn%3AANd9GcQKAOKjZr6AioiWgZhx4I8YyvX59WKJVT-THmAWeahpyp16IilX&usqp=CAU
234,https://encrypted-tbn0.gstatic.com/images?q=tbn%3AANd9GcRkr98Vh8RFiwsXX-_esL1lmOyUy-sgZkPPl5_X-pSBkw74Wh7c&usqp=CAU
235,https://encrypted-tbn0.gstatic.com/images?q=tbn%3AANd9GcSMvSzLcMidUnCI0xb0pRh8H013rRQnHefw48eyi5KMMXlLYpyo&usqp=CAU
236,https://encrypted-tbn0.gstatic.com/images?q=tbn%3AANd9GcQMLK5IasYCNDTkG2Z8lKaSC7oLj78nD2WlP53tLt-cuYOJgj7V&usqp=CAU
237,https://encrypted-tbn0.gstatic.com/images?q=tbn%3AANd9GcQOl0qQhLda1SIcv4DznV17KXMQkYf8obN1RWfYckXe2thLVHBd&usqp=CAU
238,https://encrypted-tbn0.gstatic.com/images?q=tbn%3AANd9GcR3Uz8-p65sF4ggwhhAhGGLWnUiVBuDpUyu3dvFl6kIvGOs21tc&usqp=CAU
239,https://encrypted-tbn0.gstatic.com/images?q=tbn%3AANd9GcTWW12MPsFXEIWf-ljn-ClVNXCbtRH_idbSyF4Oq8twEF6W_nDn&usqp=CAU
240,https://encrypted-tbn0.gstatic.com/images?q=tbn%3AANd9GcQKVmVL5GgwFBKxIQzAGE34gKyzjypZ_iRjKJXJWSVc7yoCL6Vx&usqp=CAU
241,https://encrypted-tbn0.gstatic.com/images?q=tbn%3AANd9GcSSi6lwQEW1F672iFTnHApWZ7kSz-QMya0ipKEZzx8Bem4L7Jx1&usqp=CAU
242,https://encrypted-tbn0.gstatic.com/images?q=tbn%3AANd9GcTQJvLxgkmMqoCk8IfoWnX6oHcAhl7ZdbxbDRlCATllZxKF5VPk&usqp=CAU
243,https://encrypted-tbn0.gstatic.com/images?q=tbn%3AANd9GcRoh-OrRL8RR_mwkriOkRfNSxB6xnmV1muj3C3Kw5WoXh9no3tt&usqp=CAU
244,https://encrypted-tbn0.gstatic.com/images?q=tbn%3AANd9GcR6FDglc6tCRsUyrvCugqaPFjWRc9CcHgWe7PMecg6vxV9cjIfE&usqp=CAU
245,https://encrypted-tbn0.gstatic.com/images?q=tbn%3AANd9GcTnXZ3J9kVKFJbJvLUMMx0jrXbyjAqjukzvyDpCmZV0vOiKKyVb&usqp=CAU
246,https://encrypted-tbn0.gstatic.com/images?q=tbn%3AANd9GcSrhdKrUTzRIxA_5BE1w22L0A3gLfGzTNPA3hx1ndRAsoPefCfY&usqp=CAU
247,https://encrypted-tbn0.gstatic.com/images?q=tbn%3AANd9GcTvsI7TxnmehyebRGdMh-WPYob3fixhjXZLxD8kT5gsP6rMGbY2&usqp=CAU
248,https://encrypted-tbn0.gstatic.com/images?q=tbn%3AANd9GcSr33tSGncuRIv8dNu6oito36p53u2AuDz60LxATB98YmRaQXWT&usqp=CAU
249,https://encrypted-tbn0.gstatic.com/images?q=tbn%3AANd9GcQp3-yHFAwpywNUGEMXN4vs-oAEKKqkiWGYeq4LoMkJMRSZVt7J&usqp=CAU
250,https://encrypted-tbn0.gstatic.com/images?q=tbn%3AANd9GcT1nWrvyaRHPXcOJpDjJ_7lkb4Cpa3hlKDR_a9x1gPSCZVt52nP&usqp=CAU
251,https://encrypted-tbn0.gstatic.com/images?q=tbn%3AANd9GcQUTgwOoSu_0pDREogdBBcO2H8P74FRqKQ6pPiuh7M-AnojQuy9&usqp=CAU
252,https://encrypted-tbn0.gstatic.com/images?q=tbn%3AANd9GcT3s44x9NciVaCn14xBorVmgdH-tRQDbBg3COAkDSnqmoqoT8bv&usqp=CAU
253,https://encrypted-tbn0.gstatic.com/images?q=tbn%3AANd9GcTZPTHN5mnO55R9tFEM1bw6ozt8AqBldk1bbXPJ110qviKUWknK&usqp=CAU
254,https://encrypted-tbn0.gstatic.com/images?q=tbn%3AANd9GcTaUc6GibrrsCco-c-EJ-0StzDHeqMx5mtxzhKYQJmYU8rpiw-C&usqp=CAU
255,https://encrypted-tbn0.gstatic.com/images?q=tbn%3AANd9GcTNktNf3_vw5nyKSkWYR4_8jHVwxZKirNrirSRDB_92KaGZkE1B&usqp=CAU
256,https://encrypted-tbn0.gstatic.com/images?q=tbn%3AANd9GcT4EC5KFku6W_qHwsWnmht6oEg13OShwXW3oK2N9-E16lMEvlpJ&usqp=CAU
257,https://encrypted-tbn0.gstatic.com/images?q=tbn%3AANd9GcRcaVpBNP1rF0-3E3XrmbX_uaKo-hCgkJqpe_1BW10KfkWd_q8q&usqp=CAU
258,https://encrypted-tbn0.gstatic.com/images?q=tbn%3AANd9GcRRZjPBOJyFva21xEcx4cIyCj5UPUx8V1kSz9P6i8C0wQ7-KQaK&usqp=CAU
259,https://encrypted-tbn0.gstatic.com/images?q=tbn%3AANd9GcQGGLgqBTu2I30AU3DdczQr8qEl0MdrQeUcPQQgPM4TUhvTMCgx&usqp=CAU
260,https://encrypted-tbn0.gstatic.com/images?q=tbn%3AANd9GcSCDPijkpXhxXt7PwPaFiFed8Dsjtm2L0JLhmDbbgxDw5lcUujs&usqp=CAU
261,https://encrypted-tbn0.gstatic.com/images?q=tbn%3AANd9GcTi3gytddNzQb0DxJ4PU-E9ANP-l5UM5AEnfa4sYvUXak6hC5A3&usqp=CAU
262,https://encrypted-tbn0.gstatic.com/images?q=tbn%3AANd9GcQPalVryB72QVzsAjCDISdILzII13EAQYQFdtfVdAneA84CjybM&usqp=CAU
263,https://encrypted-tbn0.gstatic.com/images?q=tbn%3AANd9GcR1OwYkCtsffbrspg8PeS5NjEOeyOQTd_7QwJXURBZ6ULvmBAgL&usqp=CAU
264,https://encrypted-tbn0.gstatic.com/images?q=tbn%3AANd9GcSLdTybx0n-hEMuhcMWZPSd-iQnBgVNtb0soEbUbBlHB0wLnzy9&usqp=CAU
265,https://encrypted-tbn0.gstatic.com/images?q=tbn%3AANd9GcR3MTBImZHRembjqc_yH75vp2ErtQcZLupiuJ1WK2h2Y8ucfIPz&usqp=CAU
266,https://encrypted-tbn0.gstatic.com/images?q=tbn%3AANd9GcTAUvu8NenBBF1jDVNrdEqD-RJyCF8wgM8nDWxThN8fCjyA6v6F&usqp=CAU
267,https://encrypted-tbn0.gstatic.com/images?q=tbn%3AANd9GcTBdGggPFLsfQwF1SgpzPBcqr70AyOHIBojL0olpatpAMI73qfd&usqp=CAU
268,https://encrypted-tbn0.gstatic.com/images?q=tbn%3AANd9GcSMigw4v7XRX7NyebYj_gV0lrMjCNZliUH9febYieytv7ApTnYN&usqp=CAU
269,https://encrypted-tbn0.gstatic.com/images?q=tbn%3AANd9GcR9fnbuC-2KoA_v9E1fyTPkxGWLDfb8DEAKUCZYN74-aivenruA&usqp=CAU
270,https://encrypted-tbn0.gstatic.com/images?q=tbn%3AANd9GcQNGKy2q0tqSDq_11p61yRFyr0e2dPYPW9sUH-honSfeeu3_dbe&usqp=CAU
271,https://encrypted-tbn0.gstatic.com/images?q=tbn%3AANd9GcQLyeP-eCYNBzG4x4k1SedQE974tnVStiHosDgmM9l134C7J0QD&usqp=CAU
272,https://encrypted-tbn0.gstatic.com/images?q=tbn%3AANd9GcRS7cskwB_pjPp3izCXqUcSx3s2fvIfVD-IDZtxPcJoxfxwyX2u&usqp=CAU
273,https://encrypted-tbn0.gstatic.com/images?q=tbn%3AANd9GcTZOoX0Bho_2ifB2sCThon4CaeJLsttT0tlV7giqzJraapBjaii&usqp=CAU
274,https://encrypted-tbn0.gstatic.com/images?q=tbn%3AANd9GcR3RmILRvBht16yRCajatCS2kVKYiM4_4GAPNS9fm6Q1bAKRVLB&usqp=CAU
275,https://encrypted-tbn0.gstatic.com/images?q=tbn%3AANd9GcQq0VMLVy-OGGnSw0trXjM4BnZMFuBFGaKyoCtcj4TVrJMk7LDm&usqp=CAU
276,https://encrypted-tbn0.gstatic.com/images?q=tbn%3AANd9GcTstIb2bTgrpz5nEp0YY9HN8odhKndSSeg6yRikNm0OwoNWuHAR&usqp=CAU
277,https://encrypted-tbn0.gstatic.com/images?q=tbn%3AANd9GcQpUFfFrP-2L7FByJExdIs44vwgp6O54OaaLhtIj8nPndpJ9EnW&usqp=CAU
278,https://encrypted-tbn0.gstatic.com/images?q=tbn%3AANd9GcRwWRV9xmqZjHrOT-jREE4Q490uVhw-j8006RbbbWuxRc-kuLU2&usqp=CAU
279,https://encrypted-tbn0.gstatic.com/images?q=tbn%3AANd9GcTgiRI-OImSzmwPSyqL9x3ik9SH8fTXJAKJz91RXoe7H5Ii64LS&usqp=CAU
280,https://encrypted-tbn0.gstatic.com/images?q=tbn%3AANd9GcSNp1UCH0hFlZTYQA-xagsnHCJRCJ_CfT-XwltpOGs34jVolOXK&usqp=CAU
281,https://encrypted-tbn0.gstatic.com/images?q=tbn%3AANd9GcREzIxRbGj5lBTrpU8E51cdstIBRUmJulmZWZE4vesvJQIHAEYy&usqp=CAU
282,https://encrypted-tbn0.gstatic.com/images?q=tbn%3AANd9GcRR0HXq76DbKnlCRhx-nG07ZJpIotJx4iQCkKbEdQpjGL376sTM&usqp=CAU
283,https://encrypted-tbn0.gstatic.com/images?q=tbn%3AANd9GcQX-3rLEiM4FDEJuIN5Rlj8a_NMOcQlFrTBGElMUTy7btNavon2&usqp=CAU
284,https://encrypted-tbn0.gstatic.com/images?q=tbn%3AANd9GcRu1w4I88C9gd6Pd7_ABH8Frwev5ByXJvZ6cQXY52nyD_rLkB5u&usqp=CAU
285,https://encrypted-tbn0.gstatic.com/images?q=tbn%3AANd9GcT_luE2m0PpzR-8_QCPSLFLtuqmwpjaYaPqm10DHKupLMrqXLi4&usqp=CAU
286,https://encrypted-tbn0.gstatic.com/images?q=tbn%3AANd9GcTwiK4Zf-r3N39aCRM72vHRu_DKZRQLkyK9W9GDZnsqTOfBABkb&usqp=CAU
287,https://encrypted-tbn0.gstatic.com/images?q=tbn%3AANd9GcTxKq7ZNNzIIJ5yhrlMl9bc3wbkn2E8368OrSdl79hKpR1c-2Ub&usqp=CAU
288,https://encrypted-tbn0.gstatic.com/images?q=tbn%3AANd9GcToriNb95Jaeb5OAln9S2GZurq22v1Jx-bMRnLijHdIZCiEUiOV&usqp=CAU
289,https://encrypted-tbn0.gstatic.com/images?q=tbn%3AANd9GcTmaylpj30rxef5yO62ZuKiGvVb-_HU1Aac2u2ld3ZBm4yQxbLI&usqp=CAU
290,https://encrypted-tbn0.gstatic.com/images?q=tbn%3AANd9GcTdW1jZt-7ytL9TZpdx2lYhfL4033DLrnJufWJmQETL3Yd525QL&usqp=CAU
291,https://encrypted-tbn0.gstatic.com/images?q=tbn%3AANd9GcRgepfbL4uKOpa0RtpHaajukD7w2e5frtr-CtM_-WD0Ppxh6GO7&usqp=CAU
292,https://encrypted-tbn0.gstatic.com/images?q=tbn%3AANd9GcRe6MkzSE23szXH71e5RIYw7cPyW0HhCRI7dyQQEdOgUi-g0mt6&usqp=CAU
293,https://encrypted-tbn0.gstatic.com/images?q=tbn%3AANd9GcQS8-b3fYkYWzd3bcoqeUK43d16obFNBOs8FaOQifOvOci9WC_f&usqp=CAU
294,https://encrypted-tbn0.gstatic.com/images?q=tbn%3AANd9GcRSznOXajPPX2ZmKMjh_d8_9XdyoRkjZOo8LeYtyOvFvC7mAI83&usqp=CAU
295,https://encrypted-tbn0.gstatic.com/images?q=tbn%3AANd9GcQfxjTsV4WFE-mDR4zlY7ZXNJiyQggI5E4sht78dxdPteNr7fgR&usqp=CAU
296,https://encrypted-tbn0.gstatic.com/images?q=tbn%3AANd9GcQti1RWS3pKDtmkSN3iwivc6Fppwlk-u6eNH-fRju7bXueaPVZ4&usqp=CAU
297,https://encrypted-tbn0.gstatic.com/images?q=tbn%3AANd9GcTLztQdUdocZGKyw7knZvLpiqjDcdKdJuxb2JsYo1qV5pOSuDBh&usqp=CAU
298,https://encrypted-tbn0.gstatic.com/images?q=tbn%3AANd9GcT0GeIxj5G_tOb-lsVu9gsDvp0iyVnkd1MpPSSc6vySy-wKeWyS&usqp=CAU
299,https://encrypted-tbn0.gstatic.com/images?q=tbn%3AANd9GcQQIKZjFOpWDvgFeb-SaXf2LmpDa7PMc5QdP8jSoWg8zW5FEoTT&usqp=CAU
300,https://encrypted-tbn0.gstatic.com/images?q=tbn%3AANd9GcSUE0qWWA006ii4kRZaxu4uvBR6MKWd3-hyDTDSQThX-NlwXSUh&usqp=CAU
301,https://encrypted-tbn0.gstatic.com/images?q=tbn%3AANd9GcRZ7TpI_QOFA9nY6UOxTFY7j6_a7NQUa2nxdwq9Ej-TtP-wuWaN&usqp=CAU
302,https://encrypted-tbn0.gstatic.com/images?q=tbn%3AANd9GcQWr8YiwUQVbn3roHjSfyjmrSGk5abXodYNCxqGFzhN15wx3T5X&usqp=CAU
303,https://encrypted-tbn0.gstatic.com/images?q=tbn%3AANd9GcQZZFwZ7ls3x30BxBMF1RTG11JOJH0_CvflDrb1HJ-n6-ouXVdI&usqp=CAU
304,https://encrypted-tbn0.gstatic.com/images?q=tbn%3AANd9GcT9be-B2r76kC8YEnJrqIodk0Zi9cxOoqQdfyvU1DJzlR7lGBt6&usqp=CAU
305,https://encrypted-tbn0.gstatic.com/images?q=tbn%3AANd9GcSbrA1YwdVR0dWz9SHfj-VbVj2kSoYFbf67cHuFxv8tcaSWs1iT&usqp=CAU
306,https://encrypted-tbn0.gstatic.com/images?q=tbn%3AANd9GcSKm0OqsekALIO45Ftn9UQ9zbhWl4CzRTJ0LxVjEXEbtdW3DlX0&usqp=CAU
307,https://encrypted-tbn0.gstatic.com/images?q=tbn%3AANd9GcRcnCwlbCt0QCkxyF_qBXFAJaUqkeBCDM60sObRvAU45j-kqM4D&usqp=CAU
308,https://encrypted-tbn0.gstatic.com/images?q=tbn%3AANd9GcSXtDIT8bCMjWmz3VzlJD53s7G4Z3kl1rkmYbKgGADAWCAOZMqj&usqp=CAU
309,https://encrypted-tbn0.gstatic.com/images?q=tbn%3AANd9GcRjVxXIvSb9s3UOredKGhTE35WnFBqd1IxAbT3DQqVYKnrVFwg3&usqp=CAU
310,https://encrypted-tbn0.gstatic.com/images?q=tbn%3AANd9GcSM7xPzlc7r2vXE7WFi6U6TZ_75KB9XraCU9nCKbMzOj1MckNKD&usqp=CAU
311,https://encrypted-tbn0.gstatic.com/images?q=tbn%3AANd9GcQKJMMQLj9jRkKhWGwah_5TlBA7MXmXGygHLYYH7VWUSEAqAz4Q&usqp=CAU
312,https://encrypted-tbn0.gstatic.com/images?q=tbn%3AANd9GcQLCsKwyO2H55MIFqjXKENkc47QRCd2JmDzXebIghyElMcXSUob&usqp=CAU
313,https://encrypted-tbn0.gstatic.com/images?q=tbn%3AANd9GcQaepGg3Pd_UKOpYsvkNpCkCj8aI__zPn-3jPOmRBQPjibtV_Xq&usqp=CAU
314,https://encrypted-tbn0.gstatic.com/images?q=tbn%3AANd9GcTi6X24hMVre3V5ATsbkSHT6AqwvKbLT8_MGMsl7QssJ_PXAV3j&usqp=CAU
315,https://encrypted-tbn0.gstatic.com/images?q=tbn%3AANd9GcTlC9JpuOiz9wqhnb4YxlJTk07iui5e2k1LIWs4mqVq0q6SXvrv&usqp=CAU
316,https://encrypted-tbn0.gstatic.com/images?q=tbn%3AANd9GcRvrc1pUGkRk5OXYiYkqoSsX-kH100YM6px7zOupBynnIqJWWrz&usqp=CAU
317,https://encrypted-tbn0.gstatic.com/images?q=tbn%3AANd9GcT7EkfooPIATZVHXIlIc0GS1sckDBPsSbgsCXJxDZC6vfrNMPh4&usqp=CAU
318,https://encrypted-tbn0.gstatic.com/images?q=tbn%3AANd9GcSPRPdQVsQkpXxnRxjY4ioQgnAaSuvXADhnnVI0EXQW7VjzSXp3&usqp=CAU
319,https://encrypted-tbn0.gstatic.com/images?q=tbn%3AANd9GcR-fBZBifEowsFgp3usdDPGTyGOP4pWmN5ooJn5IJ68f-4GiT1C&usqp=CAU
320,https://encrypted-tbn0.gstatic.com/images?q=tbn%3AANd9GcTZs-p2gyuPwv6S4EDFGTiPIVH3FpwiJEPITX7IYlixgCyI_S98&usqp=CAU
321,https://encrypted-tbn0.gstatic.com/images?q=tbn%3AANd9GcQgZ3txxLUEpMUnGeetp0ytUsLCAoQThANhgQitSY4rWJ2V_rXO&usqp=CAU
322,https://encrypted-tbn0.gstatic.com/images?q=tbn%3AANd9GcQkA3pR7tHkN7BwgHv5VY1_Lu-22a-wcIg9zVUpZFL8gmeqWEkQ&usqp=CAU
323,https://encrypted-tbn0.gstatic.com/images?q=tbn%3AANd9GcSgimf0uzjetIa6TNHx3KmYBsJ28zlG3go7afjS85jppJ_JOHXt&usqp=CAU
324,https://encrypted-tbn0.gstatic.com/images?q=tbn%3AANd9GcRjuE3tXvPAgM34_45aLFQISNVo_qZrs4cE8ecfNIzGh9EQHbxh&usqp=CAU
325,https://encrypted-tbn0.gstatic.com/images?q=tbn%3AANd9GcR2pKQlXSg1c0SRfY_d-TQyoL7dev3NXwcoTf3OVELnQctImgrh&usqp=CAU
326,https://encrypted-tbn0.gstatic.com/images?q=tbn%3AANd9GcRESt1b9XK6jB_V5ZqkpE22WNSyr93fDsJj5gnatKu6dvG3BDMp&usqp=CAU
327,https://encrypted-tbn0.gstatic.com/images?q=tbn%3AANd9GcT-j1ADrasBfe1sZ8K7AzwnvMzfxmRznkdV0bW8LN2vHBqyACKc&usqp=CAU
328,https://encrypted-tbn0.gstatic.com/images?q=tbn%3AANd9GcR0yo4pc6QtZ_73oVizx8XJyZGGtVS-3l_KU2yBzbAuyCJIkOoz&usqp=CAU
329,https://encrypted-tbn0.gstatic.com/images?q=tbn%3AANd9GcQPa6CjKhg-cYd9kj-gqF3N6evfGfJ3Ap0KYkdI2zDWVfd4gHj7&usqp=CAU
330,https://encrypted-tbn0.gstatic.com/images?q=tbn%3AANd9GcRX95jQEOFDOs7c7xvrVPUeHvohbEt9dqI-voMPjjwS_MTZXBrl&usqp=CAU
331,https://encrypted-tbn0.gstatic.com/images?q=tbn%3AANd9GcTy8_tjulw9mmFmPdisbBmWq1kHFZagKoorcHoozw8CHWLd8E1Y&usqp=CAU
332,https://encrypted-tbn0.gstatic.com/images?q=tbn%3AANd9GcTBMiQsVMcDCKisGRfdEhZR-N4joUqHnSkcaV9RKAa3E1Zw6itc&usqp=CAU
333,https://encrypted-tbn0.gstatic.com/images?q=tbn%3AANd9GcQGfoanRjsSxgN3BKOGSvGOiFJXKvjlGLifIeuce6m-Jr1Vyq_B&usqp=CAU
334,https://encrypted-tbn0.gstatic.com/images?q=tbn%3AANd9GcSrI1OmoQr0AlxVDZGBXfoRmoATNDR226Dm27tq70E2rbX6ddek&usqp=CAU
335,https://encrypted-tbn0.gstatic.com/images?q=tbn%3AANd9GcQG1H9Snmv27Mv22pSffXBndfRRWGlViAGgar74_MXf5ce46VYB&usqp=CAU
336,https://encrypted-tbn0.gstatic.com/images?q=tbn%3AANd9GcTRl8WQ7Oj6hHBahod3h6P8dCND3d0p-Y8E8j4od7xlzrvDL8j2&usqp=CAU
337,https://encrypted-tbn0.gstatic.com/images?q=tbn%3AANd9GcRasrv9fmjEtMZ-seQoKXGWAcA9RrbhdclNgptCNXAr7MDZNUsA&usqp=CAU
338,https://encrypted-tbn0.gstatic.com/images?q=tbn%3AANd9GcSsQXcaImkRr2miy3ZpqjWaz8XKNjfLTnh59VIPvF1gt8V6YTYf&usqp=CAU
339,https://encrypted-tbn0.gstatic.com/images?q=tbn%3AANd9GcRAutv-B6jPQNuoij64TN9BTEZkgUZT8iAbXNQLHkwfZS0MBrwH&usqp=CAU
340,https://encrypted-tbn0.gstatic.com/images?q=tbn%3AANd9GcRAHnk8rehsP0tlj--3KySpjX9RHuFBWS7DRppWN2AUlBXb3y9G&usqp=CAU
341,https://encrypted-tbn0.gstatic.com/images?q=tbn%3AANd9GcQ3z-hGBAVZl5AlC9cxmf8tKjjUg50RAOCEFFVyFJMeMsvlNNoA&usqp=CAU
342,https://encrypted-tbn0.gstatic.com/images?q=tbn%3AANd9GcSg1Pjs9VXVlcNeD7ZXX9UBdt-j-S-qjmra1eJNqdYMhOUgB7OD&usqp=CAU
343,https://encrypted-tbn0.gstatic.com/images?q=tbn%3AANd9GcTiC6QD8FUBTu6pPZabEZ8a-w9Rw4PYf7I-at3Cggw7JimHPqE9&usqp=CAU
344,https://encrypted-tbn0.gstatic.com/images?q=tbn%3AANd9GcRd-z60Be7vi1Irq_gbiD97c4UsItjWY-aQwjoe5Lg0pBZJBqdP&usqp=CAU
345,https://encrypted-tbn0.gstatic.com/images?q=tbn%3AANd9GcSwxd7xcDRhX1C0JCRBeNaT7_ka-bjzNR4bIcUc5ESKVNIRykV9&usqp=CAU
346,https://encrypted-tbn0.gstatic.com/images?q=tbn%3AANd9GcR6qwvxzy0Qk-3EcWP359cNbmeeFBKc9pTjSAftcn6eLAg59RZa&usqp=CAU
347,https://encrypted-tbn0.gstatic.com/images?q=tbn%3AANd9GcR6zv8dOC3knSy1O4WUR_5TGwdvDjoZQyS-rbMNXlFr4QNAs2rG&usqp=CAU
348,https://encrypted-tbn0.gstatic.com/images?q=tbn%3AANd9GcT9kAQKbCxIYeBfj62GViSzuuZ_fEh9zOM7HR5f5K7iPGeMbFtb&usqp=CAU
349,https://encrypted-tbn0.gstatic.com/images?q=tbn%3AANd9GcTCiUy45OromfOorTT4rduCrGCwLkG5Fzaaujw2y0iOh8Qy0OAD&usqp=CAU
350,https://encrypted-tbn0.gstatic.com/images?q=tbn%3AANd9GcRFTkSPyxdBUxrnPchYTnZoAt3wSW8CFw1pLpQtg48psgGgqkrd&usqp=CAU
351,https://encrypted-tbn0.gstatic.com/images?q=tbn%3AANd9GcQPYC4xWDOf7tOUNP7DRP5b8tSnnMJIXmZyWHBeJIqFf438U4kp&usqp=CAU
352,https://encrypted-tbn0.gstatic.com/images?q=tbn%3AANd9GcThg6nD74JiEcmygPhiPcwHYo_gBORalUt8ZaQ4JTcfZy7S89j5&usqp=CAU
353,https://encrypted-tbn0.gstatic.com/images?q=tbn%3AANd9GcQh8SiPtw1FzM4IHp9sIKK3qgNVqHg6JdTUyW6mdRmmgvtGSwPt&usqp=CAU
354,https://encrypted-tbn0.gstatic.com/images?q=tbn%3AANd9GcRCpzdRfw5rvkHIIj7rOz7WVY7kttKDCP5mgYTLXcDa4dpk8qur&usqp=CAU
355,https://encrypted-tbn0.gstatic.com/images?q=tbn%3AANd9GcSTvlAflr905HRhuY7rpia0_gSiRKwhA6Miuel6plmMBlZkPEHC&usqp=CAU
356,https://encrypted-tbn0.gstatic.com/images?q=tbn%3AANd9GcSG9221H4E7y9NOUG_x7dsgBU4QnAjH1WV2d2SksMOGQCK5yEoN&usqp=CAU
357,https://encrypted-tbn0.gstatic.com/images?q=tbn%3AANd9GcQ3aJvh9Wo5JiP9IA5qQ3Uoz7XhQjMWWA7GLhzkUcU9QrofC4pg&usqp=CAU
358,https://encrypted-tbn0.gstatic.com/images?q=tbn%3AANd9GcTOUmpDEeOdoOYw1-WCTpmtYPTlDVW0FUFDaMZ5e5oj7-JmLd4o&usqp=CAU
359,https://encrypted-tbn0.gstatic.com/images?q=tbn%3AANd9GcSdW-BJHZuwZSVrozrw8zDybN9MlJYzBlV1m-ERAeomFLqhPSEQ&usqp=CAU
360,https://encrypted-tbn0.gstatic.com/images?q=tbn%3AANd9GcT7xKXuAzZel0694froah050UIvo01T7tKS3Q33LXcpUecK2Ljf&usqp=CAU
361,https://encrypted-tbn0.gstatic.com/images?q=tbn%3AANd9GcSsfTyC8nA0re3uQh8ImcPEXH0h_9WVbvr-Z7La33BBWJUTXeVZ&usqp=CAU
362,https://encrypted-tbn0.gstatic.com/images?q=tbn%3AANd9GcT2qbetzIGbAVGuY8VY-XxDAnVugxr7yNm_xyVIs9scS762qN_9&usqp=CAU
363,https://encrypted-tbn0.gstatic.com/images?q=tbn%3AANd9GcQ7Xy8VicqK9Rv6EoORJqUH0BsiuuGUGPjVFH-4vM53X1wPBIFz&usqp=CAU
364,https://encrypted-tbn0.gstatic.com/images?q=tbn%3AANd9GcTKpM0JWDbQK9Zi-NBVsLYzkpHx3kWDzZfyUnVArWmuDTS-nALx&usqp=CAU
365,https://encrypted-tbn0.gstatic.com/images?q=tbn%3AANd9GcTsn1WHIzkz1cs9VZJehz8TUqsb0mi3_xW9CRcADVbgBCrNDOnS&usqp=CAU
366,https://encrypted-tbn0.gstatic.com/images?q=tbn%3AANd9GcSuvy2-69L2g0Kl6CRHioCHJfYnP_jc4fHe43e-lGqg3UOYeKHj&usqp=CAU
367,https://encrypted-tbn0.gstatic.com/images?q=tbn%3AANd9GcRs3bXXugT4pl4kCbTmYDyp2gxFgD1QXiuksaCDB3z22YeaEiyJ&usqp=CAU
368,https://encrypted-tbn0.gstatic.com/images?q=tbn%3AANd9GcQYrqOqnPaJek7kVgTp71pRHaYSVdcaBfPYndCOrcp3GMhSCpl1&usqp=CAU
369,https://encrypted-tbn0.gstatic.com/images?q=tbn%3AANd9GcTfMoxDan1psyxpzPLd1dM5LIqfeMIL0hY7cE5naTHHjtVRRpcu&usqp=CAU
370,https://encrypted-tbn0.gstatic.com/images?q=tbn%3AANd9GcRb8eJTBFeo3FlJIR7S1zbWYHM0_Pt_0vcnFEc6f6isDZF0CmqZ&usqp=CAU
371,https://encrypted-tbn0.gstatic.com/images?q=tbn%3AANd9GcRhKQlBtKvgNQGUR1uVk4rmZxsEI3xnX_VU4ugbbrwZb7I_C1v0&usqp=CAU
372,https://encrypted-tbn0.gstatic.com/images?q=tbn%3AANd9GcQfqGePqPWhDn1zbrzVr_z4y6wdsDNh01QQwI8DQwj1juSgL1Zr&usqp=CAU
373,https://encrypted-tbn0.gstatic.com/images?q=tbn%3AANd9GcSZxO2w_mhNj9tcGVbPNpZVp2BtBwgByI61izLNO_EnKsMJHsKU&usqp=CAU
374,https://encrypted-tbn0.gstatic.com/images?q=tbn%3AANd9GcRPenFuo7Fbf5sq3lCv-1zjpuZie-OE4P4EIkrcbQIgR2NNXEQc&usqp=CAU
375,https://encrypted-tbn0.gstatic.com/images?q=tbn%3AANd9GcTc4eGnF-yZAjGuG9RRrCRlnQSB1qrBJ1OBKXZeALQ4Kp9o2n8E&usqp=CAU
376,https://encrypted-tbn0.gstatic.com/images?q=tbn%3AANd9GcS5Vi-Bu96ACWwr9VgM0_PSOsZjkbghrxAjZbALCon8pRH0UNjO&usqp=CAU
377,https://encrypted-tbn0.gstatic.com/images?q=tbn%3AANd9GcQQw45PImQnmeJgfVnFSMNbhpdmfHEztYO0OpwTUZLgMhqLI4mH&usqp=CAU
378,https://encrypted-tbn0.gstatic.com/images?q=tbn%3AANd9GcRnSFXWPC-Xdoi2DHdS15iF6QDjAuYDtA_v-LHtrmeSKCZUEwwU&usqp=CAU
379,https://encrypted-tbn0.gstatic.com/images?q=tbn%3AANd9GcT_yKo78wVyhJzRjJcROaZmBCZtfcQv73ppYjth7K4cuahsw8I6&usqp=CAU
380,https://encrypted-tbn0.gstatic.com/images?q=tbn%3AANd9GcSjmo6LeQBYOSmrdiRzhpoeXGMwsXMWgaOrkNMYSRpx5Q-Rk_pF&usqp=CAU
381,https://encrypted-tbn0.gstatic.com/images?q=tbn%3AANd9GcS5EXXd6UzGYPORGJCuk30frykoB8lFkze6JJSIxJCJCW5dpxWD&usqp=CAU
382,https://encrypted-tbn0.gstatic.com/images?q=tbn%3AANd9GcTr-Kf-VhhN1XPd1iX3OwAZpiiaQZ32TVPIxT4cfMaNnODRCZ44&usqp=CAU
383,https://encrypted-tbn0.gstatic.com/images?q=tbn%3AANd9GcQ56f6FGwN45TCMjR9LQhNehPHVR8CMgONIixyVoyJHWUftf96u&usqp=CAU
384,https://encrypted-tbn0.gstatic.com/images?q=tbn%3AANd9GcSgHyFPEnIglsE1SYIuFO8lzwmwcnlQcmFa4dFrxZD5T3h3ysnZ&usqp=CAU
385,https://encrypted-tbn0.gstatic.com/images?q=tbn%3AANd9GcTunbO0QeCteMQxdlm9oYXKASkDqer0i-AAg51mX54GiH9SYlnM&usqp=CAU
386,https://encrypted-tbn0.gstatic.com/images?q=tbn%3AANd9GcRgOnjjFvZ0H_GL70PyIreAFv4Wcag1UwlxJv-d2oNz5RSrACOk&usqp=CAU
387,https://encrypted-tbn0.gstatic.com/images?q=tbn%3AANd9GcRkiSFOViF8_1Q75Sy5366CVtfaH_s6nGLC3SDKItNul4tbjtDD&usqp=CAU
388,https://encrypted-tbn0.gstatic.com/images?q=tbn%3AANd9GcRI-09wK-z5ws6NDC4YpXGsmQttFLEOZj4Yp1U1CoSF7A7wHcof&usqp=CAU
389,https://encrypted-tbn0.gstatic.com/images?q=tbn%3AANd9GcSTeeET-r841beeNWs1KlH0iAZZZn20yzgivjue4fUQ2l74tEXC&usqp=CAU
390,https://encrypted-tbn0.gstatic.com/images?q=tbn%3AANd9GcRmpt36g5WYrVgyWe-1RefJfDRIWQRyYTeQzWeMUQzJvtRElrx4&usqp=CAU
391,https://encrypted-tbn0.gstatic.com/images?q=tbn%3AANd9GcTDkzUD4p7gPQN4TcTIQMUl8N9fqumxBsPoNW0Af76HZ3epsMfn&usqp=CAU
392,https://encrypted-tbn0.gstatic.com/images?q=tbn%3AANd9GcRgDMo0uUiJ2ckKnGyv2L4scVkb8lN13Nd6_QzB2bC_FODALKHi&usqp=CAU
393,https://encrypted-tbn0.gstatic.com/images?q=tbn%3AANd9GcQj0MKOin7lZsMzfD26qcGRHBvFz8Ct1YyO8FdCBmkwVH0y9t28&usqp=CAU
394,https://encrypted-tbn0.gstatic.com/images?q=tbn%3AANd9GcRoG8GnAPYZD4_VajBfJMzBP5VWyXc4EjFH1LrhL50qREsCpn0i&usqp=CAU
395,https://encrypted-tbn0.gstatic.com/images?q=tbn%3AANd9GcToCi6mSqpWLyrYgv2JWTKfSgFu3fHkZjQ5E54pExtidM2r3B9t&usqp=CAU
396,https://encrypted-tbn0.gstatic.com/images?q=tbn%3AANd9GcTCQfSkV6Z4TTYzgmrREcPmxxo0h62OemDHtOMdynnU4CBP9Fsy&usqp=CAU
397,https://encrypted-tbn0.gstatic.com/images?q=tbn%3AANd9GcSE1_ddUv7Dy2pmTe42V-bRQhsqD7ofZKdZeZUMdDJpTnkabv_z&usqp=CAU
398,https://encrypted-tbn0.gstatic.com/images?q=tbn%3AANd9GcQ8jhE3Vzde7ZhBHGvLLw3IRthXSIImWbN31I5Fi18AJBhhTgA-&usqp=CAU
399,https://encrypted-tbn0.gstatic.com/images?q=tbn%3AANd9GcQqsvqWHukTWSBysmkXRPP9314FNG2I2jdGszmj0AuRnq8Dp2Lt&usqp=CAU
400,https://encrypted-tbn0.gstatic.com/images?q=tbn%3AANd9GcRcoR-8NqWndPASkA5IYY89iKjBGvRLy9RdMURHIsSjPd3NtxTp&usqp=CAU
401,https://encrypted-tbn0.gstatic.com/images?q=tbn%3AANd9GcTxkcPxfK90k2leOTHvu4LWohws9PiX5qJSO7NStdeNmmMJw38J&usqp=CAU
402,https://encrypted-tbn0.gstatic.com/images?q=tbn%3AANd9GcRYfCT5L5eyTVuHdHnTzpGZqazcVZYBwV4vAdDl8oSFOCDVTX1r&usqp=CAU
403,https://encrypted-tbn0.gstatic.com/images?q=tbn%3AANd9GcS08_PvvReiIE0APqM_osyGNBYf0RzYE4ixRJ28IWZo1HvkLeW1&usqp=CAU
404,https://encrypted-tbn0.gstatic.com/images?q=tbn%3AANd9GcTzluEd5_am5hE2hb0DB_s7K8l3LHqKwgwZqdpy_rrdqfDgZzlm&usqp=CAU
405,https://encrypted-tbn0.gstatic.com/images?q=tbn%3AANd9GcSHUkYUC4T-uiwt7lgFaNgocLdQ5JmAjhr6KYQXoibhlvcU_LNq&usqp=CAU
406,https://encrypted-tbn0.gstatic.com/images?q=tbn%3AANd9GcQ_78IWNUCuZHsI29F_AApnxhS-hMWui7wADOkppencBONX6xWO&usqp=CAU
407,https://encrypted-tbn0.gstatic.com/images?q=tbn%3AANd9GcSeQzoJU_idK_cTcWfRZzDvGyAKbon3GI59fFtH_-Qta8PYdpUn&usqp=CAU
408,https://encrypted-tbn0.gstatic.com/images?q=tbn%3AANd9GcQpbzRmAMBtfZRFWYmjNGvGGINfKH6h8wmE-Q0Os4bJFm2H50eP&usqp=CAU
409,https://encrypted-tbn0.gstatic.com/images?q=tbn%3AANd9GcSC3tjsow0FzrzewRHaqqhnRQZ_O7E1WhjV0IjQULN1IFGwYMep&usqp=CAU
410,https://encrypted-tbn0.gstatic.com/images?q=tbn%3AANd9GcSgwqL7WzTH6b55d1UkMRqWX_fSLJZxGoooAHjWPEPw-Qskculp&usqp=CAU
411,https://encrypted-tbn0.gstatic.com/images?q=tbn%3AANd9GcRVt1sO1jhjWgb1FU5b3pkwdqOEXVKLYYqg4VomlN7catOEAaRB&usqp=CAU
412,https://encrypted-tbn0.gstatic.com/images?q=tbn%3AANd9GcSvYhQi6qAOm8mNgD7l6SXNpy5DsLh8LxoGSZWR_2l9Fr-mOJM5&usqp=CAU
413,https://encrypted-tbn0.gstatic.com/images?q=tbn%3AANd9GcRhcul2_it0A4B3_ErztbyjzUeJBD1U5EAnUYDeGW_vo0xwYrBm&usqp=CAU
414,https://encrypted-tbn0.gstatic.com/images?q=tbn%3AANd9GcTANEZG0jOuZf2EsKfsEkWa3AFeAP16aRne1V7Xuhq8fAOSkypd&usqp=CAU
415,https://encrypted-tbn0.gstatic.com/images?q=tbn%3AANd9GcT-vhZVBgI8x2Pjm7UufSVu2ZLdXc9A4OE7nscPklT2H4BmdsG0&usqp=CAU
416,https://encrypted-tbn0.gstatic.com/images?q=tbn%3AANd9GcQYe3smWBJI0OePoNAE5QkQws4gPpRJm1FMWcg1yxH13xY5-Myu&usqp=CAU
417,https://encrypted-tbn0.gstatic.com/images?q=tbn%3AANd9GcRtlZvuuou6bpDCLrGrZdY1B1zlNNbCLB4VpthTv9tpGUpA_hpa&usqp=CAU
418,https://encrypted-tbn0.gstatic.com/images?q=tbn%3AANd9GcSxAjBNpGMMW1ytYvmzpavDs_tz-aMU9AlWoWP8zCdXfQ8Wbe8o&usqp=CAU
419,https://encrypted-tbn0.gstatic.com/images?q=tbn%3AANd9GcSMXIhwEzm_lmThEkC4FR-VnCkeCcWLJknfOCPKqtDazjVeMXD8&usqp=CAU
420,https://encrypted-tbn0.gstatic.com/images?q=tbn%3AANd9GcTd8mfqjZveUmlnJePgCAivsadpsqsxoiq5zpKHT8gpf-YvpC7E&usqp=CAU
421,https://encrypted-tbn0.gstatic.com/images?q=tbn%3AANd9GcT91X5AmjIkSDHbnvsh2dPBTkATYMMmC3VALqmc6mHujZhGUZI4&usqp=CAU
422,https://encrypted-tbn0.gstatic.com/images?q=tbn%3AANd9GcQIA4j9-OKGiFRrIw4W_rNC3wbftzj9nsiejmWgVYFvINSVNTTD&usqp=CAU
423,https://encrypted-tbn0.gstatic.com/images?q=tbn%3AANd9GcQ8DGGRmb8eUEwbWeuiyrY9k-5-zQgRdua76GKw6fYP8f4nQ3Yk&usqp=CAU
424,https://encrypted-tbn0.gstatic.com/images?q=tbn%3AANd9GcTbYsl80osaYcIAtOKLzSZ_j1QU1p-Xdj3IFyi_StcmbIeD0Lez&usqp=CAU
425,https://encrypted-tbn0.gstatic.com/images?q=tbn%3AANd9GcQnRWx-lnHcLuMfjNswm--EGT4KmaVLZ82cq7di_kIxmdLvM4_Z&usqp=CAU
426,https://encrypted-tbn0.gstatic.com/images?q=tbn%3AANd9GcRufyiVEEcSAGmf8gPAVaszHCjl0fdxahsDl6wfkkqlc4mUHD8M&usqp=CAU
427,https://encrypted-tbn0.gstatic.com/images?q=tbn%3AANd9GcTAwJain999SlsjkgsXEoAHkC4DFPD1iSvTDDJ1m8x7wUrgnsFi&usqp=CAU
428,https://encrypted-tbn0.gstatic.com/images?q=tbn%3AANd9GcS3zBx5mB2UNvp8t7Ln_IrpNl8PrFAPjXOzJjSgO7Q3ljUgy6cu&usqp=CAU
429,https://encrypted-tbn0.gstatic.com/images?q=tbn%3AANd9GcS0dEupce6RjU1-qLeBUmiB10gb_z8JvmM483KBh2D2znUosdJ6&usqp=CAU
430,https://encrypted-tbn0.gstatic.com/images?q=tbn%3AANd9GcSr7hKMrG0BAz8qNp_lFryn05HhraH7rEXtoxtbxoVad0e7H0rJ&usqp=CAU
431,https://encrypted-tbn0.gstatic.com/images?q=tbn%3AANd9GcSjGq2dvqa86NZ68QougK1VT4Fav64IfEoW1qhUJfVT2CI4h9jk&usqp=CAU
432,https://encrypted-tbn0.gstatic.com/images?q=tbn%3AANd9GcRDQG-JNQ7dSuZA-3t_JUdM9_hQ8QCRNhngAuw9HiNy1nq5qtyg&usqp=CAU
433,https://encrypted-tbn0.gstatic.com/images?q=tbn%3AANd9GcSUkBc1Oc7OjxdkpgtX1xUodj2e7tWuYgv-RZzKIihbPTnyMXdY&usqp=CAU
434,https://encrypted-tbn0.gstatic.com/images?q=tbn%3AANd9GcQujz30lnUu9wu0D9bDvudegC81Xmm1-AVZ_TWUA4fTOuertql5&usqp=CAU
435,https://encrypted-tbn0.gstatic.com/images?q=tbn%3AANd9GcQiqS_k1Z9HgEgV0vlQ4mn_RuYmpjyhZpsIp49A9nROd1Gsopnq&usqp=CAU
436,https://encrypted-tbn0.gstatic.com/images?q=tbn%3AANd9GcTrWV2I_92I6Ivw5HfqTiqnrZCh6lTSrnaDqFbtiXkozxY3Y8UG&usqp=CAU
437,https://encrypted-tbn0.gstatic.com/images?q=tbn%3AANd9GcRLRgGvMyDYDTTvd9qsdCDbknQRODe86S0Ha3iHG5-wefczukBY&usqp=CAU
438,https://encrypted-tbn0.gstatic.com/images?q=tbn%3AANd9GcSZaSDMcWlDEKqn9GtKzXGPDNuwpBCp6H-7DNQxEm43Re-kIzds&usqp=CAU
439,https://encrypted-tbn0.gstatic.com/images?q=tbn%3AANd9GcRLFYoNoM92W3ZsQDfXQYqY1woOR0fyG1J-KUrdXVbJsZ-oLUj5&usqp=CAU
440,https://encrypted-tbn0.gstatic.com/images?q=tbn%3AANd9GcThhP8XW5DaVvIcsBZ2Cgn7V21l9x03s9pYjwKFamXZb5fPlJeK&usqp=CAU
441,https://encrypted-tbn0.gstatic.com/images?q=tbn%3AANd9GcQfcfegcWHKSfefXklnkFKrPVuuYOYApxJh7Th6i1lEnecdX1nF&usqp=CAU
442,https://encrypted-tbn0.gstatic.com/images?q=tbn%3AANd9GcQNpK-9k51WAdhEI5kGZtZNCf8rkMG2OaqDoW7NRBZ4hwKajTYM&usqp=CAU
443,https://encrypted-tbn0.gstatic.com/images?q=tbn%3AANd9GcRY3wsAsEzPJWSBnuYnAolOT06AarvRqqsH61q8kOjgSqdGxHMF&usqp=CAU
444,https://encrypted-tbn0.gstatic.com/images?q=tbn%3AANd9GcQIQ6905tbWzcSGl2S2D1BDGJ_PK3jpoxlRhWPJ2IFCZt_IoyRr&usqp=CAU
445,https://encrypted-tbn0.gstatic.com/images?q=tbn%3AANd9GcSACJj6rRJgcxJLSY9Vafv4G7TVGBRkhzXdRSImQn7buQwCVuwn&usqp=CAU
446,https://encrypted-tbn0.gstatic.com/images?q=tbn%3AANd9GcSA2OpdZdNCmk27QrvILc1Qy35iBSCeHScCbNMNK0zdABLfQXam&usqp=CAU
447,https://encrypted-tbn0.gstatic.com/images?q=tbn%3AANd9GcTG8Rcd3gSv-nL0Z9f50Mh0dapnToLz2EUz30hmnwWoWewEpX_L&usqp=CAU
448,https://encrypted-tbn0.gstatic.com/images?q=tbn%3AANd9GcSajqu0zAQwyXpsCAObosMo569g71UsNr9XKk1wh1hvIVEXiF63&usqp=CAU
449,https://encrypted-tbn0.gstatic.com/images?q=tbn%3AANd9GcSwA_9pPUFitbQaUuaLWAJEc147tywrIJRnfsQZ8KZba-ekt5Gw&usqp=CAU
450,https://encrypted-tbn0.gstatic.com/images?q=tbn%3AANd9GcRa98Mz30_yUTt0CN-nxcqTc9sOdDF5whZXwNCftyUuvkOwC2kl&usqp=CAU
451,https://encrypted-tbn0.gstatic.com/images?q=tbn%3AANd9GcR07G9gb2IEB4WWCokE1mIXiZYRWTTD8lF_WDkf1dmjPzhjDCST&usqp=CAU
452,https://encrypted-tbn0.gstatic.com/images?q=tbn%3AANd9GcTKaS9g4UzNO2l8epYF9Oucxhjjwg-G5X-DM63ULrFp59YiSF5l&usqp=CAU
453,https://encrypted-tbn0.gstatic.com/images?q=tbn%3AANd9GcROzRsh5iY2lt6nuRjZ2jpfTRTIB54ia_Zc7pw6XbGYJC0ykQn4&usqp=CAU
454,https://encrypted-tbn0.gstatic.com/images?q=tbn%3AANd9GcQUe8lOBGd5U5w5rkpvXGXhYPzFGpYA1uAJ65l4wZspnmI43xZX&usqp=CAU
455,https://encrypted-tbn0.gstatic.com/images?q=tbn%3AANd9GcQ7A3FGOcYE0VYN0AcM_R_-2nMBh83GYtR4riAWPvukG3SjuXIv&usqp=CAU
456,https://encrypted-tbn0.gstatic.com/images?q=tbn%3AANd9GcQ3gOWQ7J4xabqjSsEaDUtbkTQeAidBtDBP24SxGk_UfM5JvheV&usqp=CAU
457,https://encrypted-tbn0.gstatic.com/images?q=tbn%3AANd9GcRX-lOUJ_ZXDMkCSGyeZaB_9bqvhwSaYvl6vbq5V0IGUcoKzvgd&usqp=CAU
458,https://encrypted-tbn0.gstatic.com/images?q=tbn%3AANd9GcQzIV_b4I3k5TJ4_ZlYleC7TgdeRZZQjhQU2IY07CLdwbKIaK6E&usqp=CAU
459,https://encrypted-tbn0.gstatic.com/images?q=tbn%3AANd9GcQ7Zgj5yx158y4FyFtSKEs9SWyhu5ryVjvb3GfBpZCUgpkXZcTO&usqp=CAU
460,https://encrypted-tbn0.gstatic.com/images?q=tbn%3AANd9GcRiUYLW7sNe1ZgtiCaKSR2QJ0nGHAzLvzegfah75nWtuhrs-Wx_&usqp=CAU
461,https://encrypted-tbn0.gstatic.com/images?q=tbn%3AANd9GcRA1xt20XMqJgorhIZTEZU8u0jnCowri_y0-h7b9J8Xa5a_2xqy&usqp=CAU
462,https://encrypted-tbn0.gstatic.com/images?q=tbn%3AANd9GcTWwMXZRN3a_6Nqxssv-VXwigKZkhzS16dEQgp_VxeaQ69DpmyW&usqp=CAU
463,https://encrypted-tbn0.gstatic.com/images?q=tbn%3AANd9GcT2ycBs9Q5NEq-zD-7N_B7F9goMJAVOBnLcktiSLEPINkg8Kl3m&usqp=CAU
464,https://encrypted-tbn0.gstatic.com/images?q=tbn%3AANd9GcTugPrT-0ov2XK3krq4tS87S2SqzMFH_9v_XcBR6xXP-KQRMT8O&usqp=CAU
465,https://encrypted-tbn0.gstatic.com/images?q=tbn%3AANd9GcTld5FfjicvIA1mzjnB21Ic_XEwVCJZLLir6chf88aBEwt48qlN&usqp=CAU
466,https://encrypted-tbn0.gstatic.com/images?q=tbn%3AANd9GcTKwYlV5ljJ5yF9S5hUfpgoTKNu47vShVXo6tSote3bfo7fe0Xi&usqp=CAU
467,https://encrypted-tbn0.gstatic.com/images?q=tbn%3AANd9GcSEFhSFDoZVho-5wAszRjn1z8IKg-d08iZeH8NBeHtiJyr14LPw&usqp=CAU
468,https://encrypted-tbn0.gstatic.com/images?q=tbn%3AANd9GcQE9LnWT0SJVt6i65IfEO1m-yhxSa4dNkcoHgWxKPcWPXbh7FKL&usqp=CAU
469,https://encrypted-tbn0.gstatic.com/images?q=tbn%3AANd9GcRqE5_5Eeai1rIwDGkEyNhDd5tr3x-SjO123Uv7r3sO7muOqgBL&usqp=CAU
470,https://encrypted-tbn0.gstatic.com/images?q=tbn%3AANd9GcSB3HBw3Hfi0rGVlUMc6PqSKEfOP2FyvBizulFAD76ieK5Ccxpp&usqp=CAU
471,https://encrypted-tbn0.gstatic.com/images?q=tbn%3AANd9GcQff4QMCMYtMGskqyE9cxInX0p0K0DFUOUt1WydD-XFDtoiS6Kz&usqp=CAU
472,https://encrypted-tbn0.gstatic.com/images?q=tbn%3AANd9GcSoH-U1QLlwnCV1bMRnENJnZs2CdDfilvWJumBkcd9Kzh2bkUED&usqp=CAU
473,https://encrypted-tbn0.gstatic.com/images?q=tbn%3AANd9GcQhmX9f65cz3giVoRLfvXqARnGtEYIR5ll3gGg68kd1atBcTN6b&usqp=CAU
474,https://encrypted-tbn0.gstatic.com/images?q=tbn%3AANd9GcTe591lI9IPywtx5hjVB_0bklAQNjgCTHiZauga6SbQj9MgKATc&usqp=CAU
475,https://encrypted-tbn0.gstatic.com/images?q=tbn%3AANd9GcQms2e9XHXBTJwYFOG0cJHTV4hnx1S--FEWjTzdsudX0aHLGZNI&usqp=CAU
476,https://encrypted-tbn0.gstatic.com/images?q=tbn%3AANd9GcT_Cz_PVF7eopsQZHAA4frgROW4TQxuVkPEviRLe4AfKvNKFg7z&usqp=CAU
477,https://encrypted-tbn0.gstatic.com/images?q=tbn%3AANd9GcQBm6Wdz_vo3rrRBN0ioDNC3GmTPDwHjXGFevL-y96YTkk3-KU2&usqp=CAU
478,https://encrypted-tbn0.gstatic.com/images?q=tbn%3AANd9GcRyi6hbYPusfSZbjwf1ZO9Q81-LkIOAXyplexCSVK1AymR50vGZ&usqp=CAU
479,https://encrypted-tbn0.gstatic.com/images?q=tbn%3AANd9GcReWnD5v_FkFI1hLRLAZ--TSLS2INZk7Na0iKjKKUCWEFj7czRy&usqp=CAU
480,https://encrypted-tbn0.gstatic.com/images?q=tbn%3AANd9GcTaueRfZqOSUTmbBFzLqFQ7snkQ34g96e_vd5SIvyCEju_FazJI&usqp=CAU
481,https://encrypted-tbn0.gstatic.com/images?q=tbn%3AANd9GcT3UX-bW5ZMI4GvALFk__nKNey_H_behBqpJ8MiPBCH5ZGacXnc&usqp=CAU
482,https://encrypted-tbn0.gstatic.com/images?q=tbn%3AANd9GcRIEgDOP8sn1Vf5Rg6A5U5ajaKAoMAnPcKCecRRZmV-Ieqs7KY-&usqp=CAU
483,https://encrypted-tbn0.gstatic.com/images?q=tbn%3AANd9GcQIqVDR9SNpUd6XeLN3OhLbVaNvx_Af9mDm2AMGGwCmu5YaYx2h&usqp=CAU
484,https://encrypted-tbn0.gstatic.com/images?q=tbn%3AANd9GcQv6OqYipmYUE-zhGxKUOhux92PwpVYCk6f5kdpJZcIAGSm5I4O&usqp=CAU
485,https://encrypted-tbn0.gstatic.com/images?q=tbn%3AANd9GcQJb1VEY_mNHz6TCGSBoqx8moik1kTgOWkyj7c69a4oEmF0-1JT&usqp=CAU
486,https://encrypted-tbn0.gstatic.com/images?q=tbn%3AANd9GcQgNEmFjdEfhX9ohHPmdm_EYj0GqUZZaKyY3cGzfrN5Xkck0tuT&usqp=CAU
487,https://encrypted-tbn0.gstatic.com/images?q=tbn%3AANd9GcQIgmVt8NngLprSlMsBoYMLrgC1f7rQWbQwWLJXxXUjn2qJtCZl&usqp=CAU
488,https://encrypted-tbn0.gstatic.com/images?q=tbn%3AANd9GcQ3-XWsYXsZ7jW8J3XPVqf1VR4kCFk8Gm889p_52ogLW2o3uNYb&usqp=CAU
489,https://encrypted-tbn0.gstatic.com/images?q=tbn%3AANd9GcSGoSFWKw2nfMVR5nM5zeyELPFPI8NeDXi4PZBci8sKot_LmYUq&usqp=CAU
490,https://encrypted-tbn0.gstatic.com/images?q=tbn%3AANd9GcR-lWV6MVXSHHAXqW593qrQ6TqcmHaczWZQemGkS1KTk6XYcAGX&usqp=CAU
491,https://encrypted-tbn0.gstatic.com/images?q=tbn%3AANd9GcRu0CBxZqH0qqrisdbMfM7Aom330Rp6-WaRnJU9jd9no8yU0gWZ&usqp=CAU
492,https://encrypted-tbn0.gstatic.com/images?q=tbn%3AANd9GcR94O-p6XmwEluo_IzFh3LUAvEXTKQeo8qxtlpub5IS-2HUdw7Y&usqp=CAU
493,https://encrypted-tbn0.gstatic.com/images?q=tbn%3AANd9GcSUVHYAC-R_5uO_xumUo6g-b_9QbaqqjpBlG3mN99r9igf4OnBa&usqp=CAU
494,https://encrypted-tbn0.gstatic.com/images?q=tbn%3AANd9GcS4oZb-vkMQ1r3jNUPs2u2IA9pyqMYBiGBFyTVbN3NoAqcxNAB0&usqp=CAU
